create database QLTV;

    create table Reader(
        ID varchar(20) primary key,
        name varchar(100),
        gender enum('Nam', 'Nu'),
        birth date,
        address varchar(255),
        phone varchar(10),
        email varchar(255),
        registrationDate date, 
        exist enum('0', '1') not null,
        constraint chk_date check (registrationDate > birth)
    );

    create table Book(
        ID varchar(20) primary key,
        name varchar(255),
        author varchar(50),
        category varchar(50),
        quanlity int,
        price decimal(15,0), -- Changed to 15,0 for VND (no decimal places)
        loan_fee decimal(15,0), -- Changed to 15,0 for VND
        exist enum ('0', '1') not null
    );

    create table Book_Details(
        ID varchar(20) primary key,
        ID_Book varchar(20),
        supplier varchar(255),
        year int,
        page_num int,
        status varchar(50),
        num_page_dama int,
        foreign key (ID_Book) references Book(ID)
    );

create table Staff(
        ID varchar(20) primary key,
        name varchar(30) not null,
        gender enum ('Nam','Nu') not null,
        birth date not null,
        address varchar(255),
        phone varchar(10),
        email varchar(100),
        wage decimal(15,0), -- Changed to 15,0 for VND
        exist enum('0', '1') not null,
        check(wage >= 0)
    );

    create table Loan_slip(
        ID varchar(20) primary key,
        ID_Reader varchar(20),
        ID_Staff varchar(20),
        so_luong int,
        Borrow_Date date,
        Expected_Date date,
        loan_fee decimal(15,0), -- Changed to 15,0 for VND
        foreign key (ID_Reader) references Reader (ID),
        foreign key (ID_Staff) references Staff (ID)
    );

    create table Payment_slip(
        ID varchar(20) primary key,
        ID_Loan_slip varchar(20),
        ID_Staff varchar(20),
        so_luong int,
        payment_Date date,
        late_fee decimal(15,0), -- Changed to 15,0 for VND
        damage_fee decimal(15,0), -- Changed to 15,0 for VND
        foreign key (ID_Loan_slip) references Loan_slip (ID),
        foreign key (ID_Staff) references Staff(ID)
    );

    create table Borrowed_Book_Details(
        ID_Loan_slip varchar(20),
        ID_Book varchar(20),
        primary key (ID_Loan_slip, ID_Book),
        foreign key (ID_Loan_slip) references Loan_slip(ID),
        foreign key (ID_Book) references Book_Details (ID) -- Tham chiếu với mã chi tiết
    );

    create table Book_Details_Returned(
        ID_Payment_slip varchar(20),
        ID_Book varchar(20),
        status int,
        penalty_fee decimal(15,0), -- Changed to 15,0 for VND
        primary key(ID_Payment_slip, ID_Book),
        foreign key (ID_Payment_slip) references Payment_slip(ID),
        foreign key (ID_Book) references Book_Details(ID)
    );

-- Insert data for Reader
INSERT INTO Reader (ID, name, gender, birth, address, phone, email, registrationDate, exist)
VALUES
('R001', 'Nguyen Van A', 'Nam', '1990-01-01', 'Hanoi', '0123456789', 'a@gmail.com', '2023-01-01', '1'),
('R002', 'Tran Thi B', 'Nu', '1992-02-02', 'HCM', '0987654321', 'b@gmail.com', '2023-02-01', '1'),
('R003', 'Le Van C', 'Nam', '1985-03-03', 'Danang', '0912345678', 'c@gmail.com', '2023-03-01', '1'),
('R004', 'Pham Thi D', 'Nu', '1988-04-04', 'Hue', '0923456789', 'd@gmail.com', '2023-04-01', '1'),
('R005', 'Hoang Van E', 'Nam', '1995-05-05', 'Haiphong', '0934567890', 'e@gmail.com', '2023-05-01', '1'),
('R006', 'Nguyen Thi F', 'Nu', '1993-06-06', 'Cantho', '0945678901', 'f@gmail.com', '2023-06-01', '1'),
('R007', 'Tran Van G', 'Nam', '1991-07-07', 'Quangnam', '0956789012', 'g@gmail.com', '2023-07-01', '1'),
('R008', 'Pham Thi H', 'Nu', '1994-08-08', 'Ninhbinh', '0967890123', 'h@gmail.com', '2023-08-01', '1'),
('R009', 'Le Van I', 'Nam', '1987-09-09', 'Thanhhoa', '0978901234', 'i@gmail.com', '2023-09-01', '1'),
('R010', 'Nguyen Thi J', 'Nu', '1996-10-10', 'Vinh', '0989012345', 'j@gmail.com', '2023-10-01', '1'),
('R011', 'Tran Van K', 'Nam', '1990-11-11', 'Hanoi', '0990123456', 'k@gmail.com', '2023-11-01', '1'),
('R012', 'Pham Thi L', 'Nu', '1992-12-12', 'HCM', '0901234567', 'l@gmail.com', '2023-12-01', '1'),
('R013', 'Hoang Van M', 'Nam', '1985-01-13', 'Danang', '0912345678', 'm@gmail.com', '2023-01-02', '1'),
('R014', 'Nguyen Thi N', 'Nu', '1988-02-14', 'Hue', '0923456789', 'n@gmail.com', '2023-02-02', '1'),
('R015', 'Le Van O', 'Nam', '1995-03-15', 'Haiphong', '0934567890', 'o@gmail.com', '2023-03-02', '1'),
('R016', 'Tran Thi P', 'Nu', '1993-04-16', 'Cantho', '0945678901', 'p@gmail.com', '2023-04-02', '1'),
('R017', 'Pham Van Q', 'Nam', '1991-05-17', 'Quangnam', '0956789012', 'q@gmail.com', '2023-05-02', '1'),
('R018', 'Nguyen Thi R', 'Nu', '1994-06-18', 'Ninhbinh', '0967890123', 'r@gmail.com', '2023-06-02', '1'),
('R019', 'Hoang Van S', 'Nam', '1987-07-19', 'Thanhhoa', '0978901234', 's@gmail.com', '2023-07-02', '1'),
('R020', 'Le Thi T', 'Nu', '1996-08-20', 'Vinh', '0989012345', 't@gmail.com', '2023-08-02', '1'),
('R021', 'Tran Van U', 'Nam', '1990-09-21', 'Hanoi', '0990123456', 'u@gmail.com', '2023-09-02', '1'),
('R022', 'Pham Thi V', 'Nu', '1992-10-22', 'HCM', '0901234567', 'v@gmail.com', '2023-10-02', '1'),
('R023', 'Nguyen Van W', 'Nam', '1985-11-23', 'Danang', '0912345678', 'w@gmail.com', '2023-11-02', '1'),
('R024', 'Le Thi X', 'Nu', '1988-12-24', 'Hue', '0923456789', 'x@gmail.com', '2023-12-02', '1'),
('R025', 'Tran Van Y', 'Nam', '1995-01-25', 'Haiphong', '0934567890', 'y@gmail.com', '2023-01-03', '1'),
('R026', 'Pham Thi Z', 'Nu', '1993-02-26', 'Cantho', '0945678901', 'z@gmail.com', '2023-02-03', '1'),
('R027', 'Nguyen Van AA', 'Nam', '1991-03-27', 'Quangnam', '0956789012', 'aa@gmail.com', '2023-03-03', '1'),
('R028', 'Le Thi BB', 'Nu', '1994-04-28', 'Ninhbinh', '0967890123', 'bb@gmail.com', '2023-04-03', '1'),
('R029', 'Tran Van CC', 'Nam', '1987-05-29', 'Thanhhoa', '0978901234', 'cc@gmail.com', '2023-05-03', '1'),
('R030', 'Pham Thi DD', 'Nu', '1996-06-30', 'Vinh', '0989012345', 'dd@gmail.com', '2023-06-03', '1'),
('R031', 'Nguyen Van EE', 'Nam', '1990-07-31', 'Hanoi', '0990123456', 'ee@gmail.com', '2023-07-03', '1'),
('R032', 'Le Thi FF', 'Nu', '1992-08-01', 'HCM', '0901234567', 'ff@gmail.com', '2023-08-03', '1'),
('R033', 'Tran Van GG', 'Nam', '1985-09-02', 'Danang', '0912345678', 'gg@gmail.com', '2023-09-03', '1'),
('R034', 'Pham Thi HH', 'Nu', '1988-10-03', 'Hue', '0923456789', 'hh@gmail.com', '2023-10-03', '1'),
('R035', 'Nguyen Van II', 'Nam', '1995-11-04', 'Haiphong', '0934567890', 'ii@gmail.com', '2023-11-03', '1'),
('R036', 'Le Thi JJ', 'Nu', '1993-12-05', 'Cantho', '0945678901', 'jj@gmail.com', '2023-12-03', '1'),
('R037', 'Tran Van KK', 'Nam', '1991-01-06', 'Quangnam', '0956789012', 'kk@gmail.com', '2023-01-04', '1'),
('R038', 'Pham Thi LL', 'Nu', '1994-02-07', 'Ninhbinh', '0967890123', 'll@gmail.com', '2023-02-04', '1'),
('R039', 'Nguyen Van MM', 'Nam', '1987-03-08', 'Thanhhoa', '0978901234', 'mm@gmail.com', '2023-03-04', '1'),
('R040', 'Le Thi NN', 'Nu', '1996-04-09', 'Vinh', '0989012345', 'nn@gmail.com', '2023-04-04', '1');

-- Insert data for Book
INSERT INTO Book (ID, name, author, category, quanlity, price, loan_fee, exist)
VALUES
('B001', 'Book A', 'Author A', 'Fiction', 40, 100000, 5000, '1'), -- Updated to VND
('B002', 'Book B', 'Author B', 'Science', 40, 200000, 10000, '1'),
('B003', 'Book C', 'Author C', 'History', 40, 150000, 7000, '1'),
('B004', 'Book D', 'Author D', 'Technology', 40, 250000, 12000, '1'),
('B005', 'Book E', 'Author E', 'Fiction', 40, 180000, 8000, '1'),
('B006', 'Book F', 'Author F', 'Science', 40, 220000, 11000, '1'),
('B007', 'Book G', 'Author G', 'History', 40, 140000, 6000, '1'),
('B008', 'Book H', 'Author H', 'Technology', 40, 300000, 15000, '1'),
('B009', 'Book I', 'Author I', 'Fiction', 40, 170000, 9000, '1'),
('B010', 'Book J', 'Author J', 'Science', 40, 210000, 10000, '1'),
('B011', 'Book K', 'Author K', 'History', 40, 160000, 7500, '1'),
('B012', 'Book L', 'Author L', 'Technology', 40, 280000, 14000, '1'),
('B013', 'Book M', 'Author M', 'Fiction', 40, 190000, 8500, '1'),
('B014', 'Book N', 'Author N', 'Science', 40, 230000, 11500, '1'),
('B015', 'Book O', 'Author O', 'History', 40, 130000, 5500, '1'),
('B016', 'Book P', 'Author P', 'Technology', 40, 320000, 16000, '1'),
('B017', 'Book Q', 'Author Q', 'Fiction', 40, 200000, 9500, '1'),
('B018', 'Book R', 'Author R', 'Science', 40, 240000, 12000, '1'),
('B019', 'Book S', 'Author S', 'History', 40, 170000, 8000, '1'),
('B020', 'Book T', 'Author T', 'Technology', 40, 260000, 13000, '1'),
('B021', 'Book U', 'Author U', 'Fiction', 40, 210000, 10000, '1'),
('B022', 'Book V', 'Author V', 'Science', 40, 250000, 12500, '1'),
('B023', 'Book W', 'Author W', 'History', 40, 150000, 7000, '1'),
('B024', 'Book X', 'Author X', 'Technology', 40, 340000, 17000, '1'),
('B025', 'Book Y', 'Author Y', 'Fiction', 40, 180000, 8500, '1'),
('B026', 'Book Z', 'Author Z', 'Science', 40, 220000, 11000, '1'),
('B027', 'Book AA', 'Author AA', 'History', 40, 140000, 6000, '1'),
('B028', 'Book BB', 'Author BB', 'Technology', 40, 360000, 18000, '1'),
('B029', 'Book CC', 'Author CC', 'Fiction', 40, 200000, 9500, '1'),
('B030', 'Book DD', 'Author DD', 'Science', 40, 230000, 11500, '1'),
('B031', 'Book EE', 'Author EE', 'History', 40, 130000, 5500, '1'),
('B032', 'Book FF', 'Author FF', 'Technology', 40, 310000, 15500, '1'),
('B033', 'Book GG', 'Author GG', 'Fiction', 40, 190000, 9000, '1'),
('B034', 'Book HH', 'Author HH', 'Science', 40, 240000, 12000, '1'),
('B035', 'Book II', 'Author II', 'History', 40, 170000, 8000, '1'),
('B036', 'Book JJ', 'Author JJ', 'Technology', 40, 270000, 13500, '1'),
('B037', 'Book KK', 'Author KK', 'Fiction', 40, 210000, 10000, '1'),
('B038', 'Book LL', 'Author LL', 'Science', 40, 250000, 12500, '1'),
('B039', 'Book MM', 'Author MM', 'History', 40, 150000, 7000, '1'),
('B040', 'Book NN', 'Author NN', 'Technology', 40, 330000, 16500, '1');

-- Insert data for Book_Details
INSERT INTO Book_Details (ID, ID_Book, supplier, year, page_num, status, num_page_dama)
VALUES
('BD0001', 'B001', 'Supplier A', 2023, 250, 'Hiện có', 40),
('BD0002', 'B001', 'Supplier A', 2023, 300, 'Hiện có', 40),
('BD0003', 'B001', 'Supplier A', 2024, 350, 'Hiện có', 40),
('BD0004', 'B001', 'Supplier A', 2024, 400, 'Hiện có', 40),
('BD0005', 'B001', 'Supplier A', 2025, 450, 'Hiện có', 40),
('BD0006', 'B001', 'Supplier A', 2023, 220, 'Hiện có', 40),
('BD0007', 'B001', 'Supplier A', 2024, 280, 'Hiện có', 40),
('BD0008', 'B001', 'Supplier A', 2025, 320, 'Hiện có', 40),
('BD0009', 'B001', 'Supplier A', 2023, 360, 'Hiện có', 40),
('BD0010', 'B001', 'Supplier A', 2024, 410, 'Hiện có', 40),
('BD0011', 'B001', 'Supplier A', 2025, 290, 'Hiện có', 40),
('BD0012', 'B001', 'Supplier A', 2023, 330, 'Hiện có', 40),
('BD0013', 'B001', 'Supplier A', 2024, 370, 'Hiện có', 40),
('BD0014', 'B001', 'Supplier A', 2025, 420, 'Hiện có', 40),
('BD0015', 'B001', 'Supplier A', 2023, 260, 'Hiện có', 40),
('BD0016', 'B001', 'Supplier A', 2024, 310, 'Hiện có', 40),
('BD0017', 'B001', 'Supplier A', 2025, 350, 'Hiện có', 40),
('BD0018', 'B001', 'Supplier A', 2023, 400, 'Hiện có', 40),
('BD0019', 'B001', 'Supplier A', 2024, 230, 'Hiện có', 40),
('BD0020', 'B001', 'Supplier A', 2025, 270, 'Hiện có', 40),
('BD0021', 'B001', 'Supplier A', 2023, 310, 'Hiện có', 40),
('BD0022', 'B001', 'Supplier A', 2024, 360, 'Hiện có', 40),
('BD0023', 'B001', 'Supplier A', 2025, 410, 'Hiện có', 40),
('BD0024', 'B001', 'Supplier A', 2023, 290, 'Hiện có', 40),
('BD0025', 'B001', 'Supplier A', 2024, 340, 'Hiện có', 40),
('BD0026', 'B001', 'Supplier A', 2025, 390, 'Hiện có', 40),
('BD0027', 'B001', 'Supplier A', 2023, 250, 'Hiện có', 40),
('BD0028', 'B001', 'Supplier A', 2024, 300, 'Hiện có', 40),
('BD0029', 'B001', 'Supplier A', 2025, 350, 'Hiện có', 40),
('BD0030', 'B001', 'Supplier A', 2023, 400, 'Hiện có', 40),
('BD0031', 'B001', 'Supplier A', 2024, 220, 'Hiện có', 40),
('BD0032', 'B001', 'Supplier A', 2025, 270, 'Hiện có', 40),
('BD0033', 'B001', 'Supplier A', 2023, 320, 'Hiện có', 40),
('BD0034', 'B001', 'Supplier A', 2024, 370, 'Hiện có', 40),
('BD0035', 'B001', 'Supplier A', 2025, 420, 'Hiện có', 40),
('BD0036', 'B001', 'Supplier A', 2023, 260, 'Hiện có', 40),
('BD0037', 'B001', 'Supplier A', 2024, 310, 'Hiện có', 40),
('BD0038', 'B001', 'Supplier A', 2025, 360, 'Hiện có', 40),
('BD0039', 'B001', 'Supplier A', 2023, 410, 'Hiện có', 40),
('BD0040', 'B001', 'Supplier A', 2024, 390, 'Hiện có', 40),
('BD0041', 'B002', 'Supplier B', 2023, 250, 'Hiện có', 40),
('BD0042', 'B002', 'Supplier B', 2024, 300, 'Hiện có', 40),
('BD0043', 'B002', 'Supplier B', 2025, 350, 'Hiện có', 40),
('BD0044', 'B002', 'Supplier B', 2023, 400, 'Hiện có', 40),
('BD0045', 'B002', 'Supplier B', 2024, 450, 'Hiện có', 40),
('BD0046', 'B002', 'Supplier B', 2025, 220, 'Hiện có', 40),
('BD0047', 'B002', 'Supplier B', 2023, 280, 'Hiện có', 40),
('BD0048', 'B002', 'Supplier B', 2024, 320, 'Hiện có', 40),
('BD0049', 'B002', 'Supplier B', 2025, 360, 'Hiện có', 40),
('BD0050', 'B002', 'Supplier B', 2023, 410, 'Hiện có', 40),
('BD0051', 'B002', 'Supplier B', 2024, 290, 'Hiện có', 40),
('BD0052', 'B002', 'Supplier B', 2025, 330, 'Hiện có', 40),
('BD0053', 'B002', 'Supplier B', 2023, 370, 'Hiện có', 40),
('BD0054', 'B002', 'Supplier B', 2024, 420, 'Hiện có', 40),
('BD0055', 'B002', 'Supplier B', 2025, 260, 'Hiện có', 40),
('BD0056', 'B002', 'Supplier B', 2023, 310, 'Hiện có', 40),
('BD0057', 'B002', 'Supplier B', 2024, 350, 'Hiện có', 40),
('BD0058', 'B002', 'Supplier B', 2025, 400, 'Hiện có', 40),
('BD0059', 'B002', 'Supplier B', 2023, 230, 'Hiện có', 40),
('BD0060', 'B002', 'Supplier B', 2024, 270, 'Hiện có', 40),
('BD0061', 'B002', 'Supplier B', 2025, 310, 'Hiện có', 40),
('BD0062', 'B002', 'Supplier B', 2023, 360, 'Hiện có', 40),
('BD0063', 'B002', 'Supplier B', 2024, 410, 'Hiện có', 40),
('BD0064', 'B002', 'Supplier B', 2025, 290, 'Hiện có', 40),
('BD0065', 'B002', 'Supplier B', 2023, 340, 'Hiện có', 40),
('BD0066', 'B002', 'Supplier B', 2024, 390, 'Hiện có', 40),
('BD0067', 'B002', 'Supplier B', 2025, 250, 'Hiện có', 40),
('BD0068', 'B002', 'Supplier B', 2023, 300, 'Hiện có', 40),
('BD0069', 'B002', 'Supplier B', 2024, 350, 'Hiện có', 40),
('BD0070', 'B002', 'Supplier B', 2025, 400, 'Hiện có', 40),
('BD0071', 'B002', 'Supplier B', 2023, 220, 'Hiện có', 40),
('BD0072', 'B002', 'Supplier B', 2024, 270, 'Hiện có', 40),
('BD0073', 'B002', 'Supplier B', 2025, 320, 'Hiện có', 40),
('BD0074', 'B002', 'Supplier B', 2023, 370, 'Hiện có', 40),
('BD0075', 'B002', 'Supplier B', 2024, 420, 'Hiện có', 40),
('BD0076', 'B002', 'Supplier B', 2025, 260, 'Hiện có', 40),
('BD0077', 'B002', 'Supplier B', 2023, 310, 'Hiện có', 40),
('BD0078', 'B002', 'Supplier B', 2024, 360, 'Hiện có', 40),
('BD0079', 'B002', 'Supplier B', 2025, 410, 'Hiện có', 40),
('BD0080', 'B002', 'Supplier B', 2023, 290, 'Hiện có', 40),
('BD0081', 'B003', 'Supplier C', 2024, 300, 'Hiện có', 40),
('BD0082', 'B003', 'Supplier C', 2023, 250, 'Hiện có', 40),
('BD0083', 'B003', 'Supplier C', 2024, 300, 'Hiện có', 40),
('BD0084', 'B003', 'Supplier C', 2025, 350, 'Hiện có', 40),
('BD0085', 'B003', 'Supplier C', 2023, 400, 'Hiện có', 40),
('BD0086', 'B003', 'Supplier C', 2024, 450, 'Hiện có', 40),
('BD0087', 'B003', 'Supplier C', 2025, 220, 'Hiện có', 40),
('BD0088', 'B003', 'Supplier C', 2023, 280, 'Hiện có', 40),
('BD0089', 'B003', 'Supplier C', 2024, 320, 'Hiện có', 40),
('BD0090', 'B003', 'Supplier C', 2025, 360, 'Hiện có', 40),
('BD0091', 'B003', 'Supplier C', 2023, 410, 'Hiện có', 40),
('BD0092', 'B003', 'Supplier C', 2024, 290, 'Hiện có', 40),
('BD0093', 'B003', 'Supplier C', 2025, 330, 'Hiện có', 40),
('BD0094', 'B003', 'Supplier C', 2023, 370, 'Hiện có', 40),
('BD0095', 'B003', 'Supplier C', 2024, 420, 'Hiện có', 40),
('BD0096', 'B003', 'Supplier C', 2025, 260, 'Hiện có', 40),
('BD0097', 'B003', 'Supplier C', 2023, 310, 'Hiện có', 40),
('BD0098', 'B003', 'Supplier C', 2024, 350, 'Hiện có', 40),
('BD0099', 'B003', 'Supplier C', 2025, 400, 'Hiện có', 40),
('BD0100', 'B003', 'Supplier C', 2023, 230, 'Hiện có', 40),
('BD0101', 'B003', 'Supplier C', 2024, 270, 'Hiện có', 40),
('BD0102', 'B003', 'Supplier C', 2025, 310, 'Hiện có', 40),
('BD0103', 'B003', 'Supplier C', 2023, 360, 'Hiện có', 40),
('BD0104', 'B003', 'Supplier C', 2024, 410, 'Hiện có', 40),
('BD0105', 'B003', 'Supplier C', 2025, 290, 'Hiện có', 40),
('BD0106', 'B003', 'Supplier C', 2023, 340, 'Hiện có', 40),
('BD0107', 'B003', 'Supplier C', 2024, 390, 'Hiện có', 40),
('BD0108', 'B003', 'Supplier C', 2025, 250, 'Hiện có', 40),
('BD0109', 'B003', 'Supplier C', 2023, 300, 'Hiện có', 40),
('BD0110', 'B003', 'Supplier C', 2024, 350, 'Hiện có', 40),
('BD0111', 'B003', 'Supplier C', 2025, 400, 'Hiện có', 40),
('BD0112', 'B003', 'Supplier C', 2023, 220, 'Hiện có', 40),
('BD0113', 'B003', 'Supplier C', 2024, 270, 'Hiện có', 40),
('BD0114', 'B003', 'Supplier C', 2025, 320, 'Hiện có', 40),
('BD0115', 'B003', 'Supplier C', 2023, 370, 'Hiện có', 40),
('BD0116', 'B003', 'Supplier C', 2024, 420, 'Hiện có', 40),
('BD0117', 'B003', 'Supplier C', 2025, 260, 'Hiện có', 40),
('BD0118', 'B003', 'Supplier C', 2023, 310, 'Hiện có', 40),
('BD0119', 'B003', 'Supplier C', 2024, 360, 'Hiện có', 40),
('BD0120', 'B003', 'Supplier C', 2025, 410, 'Hiện có', 40),
('BD0121', 'B004', 'Supplier D', 2023, 250, 'Hiện có', 40),
('BD0122', 'B004', 'Supplier D', 2024, 300, 'Hiện có', 40),
('BD0123', 'B004', 'Supplier D', 2025, 350, 'Hiện có', 40),
('BD0124', 'B004', 'Supplier D', 2023, 400, 'Hiện có', 40),
('BD0125', 'B004', 'Supplier D', 2024, 450, 'Hiện có', 40),
('BD0126', 'B004', 'Supplier D', 2025, 220, 'Hiện có', 40),
('BD0127', 'B004', 'Supplier D', 2023, 280, 'Hiện có', 40),
('BD0128', 'B004', 'Supplier D', 2024, 320, 'Hiện có', 40),
('BD0129', 'B004', 'Supplier D', 2025, 360, 'Hiện có', 40),
('BD0130', 'B004', 'Supplier D', 2023, 410, 'Hiện có', 40),
('BD0131', 'B004', 'Supplier D', 2024, 290, 'Hiện có', 40),
('BD0132', 'B004', 'Supplier D', 2025, 330, 'Hiện có', 40),
('BD0133', 'B004', 'Supplier D', 2023, 370, 'Hiện có', 40),
('BD0134', 'B004', 'Supplier D', 2024, 420, 'Hiện có', 40),
('BD0135', 'B004', 'Supplier D', 2025, 260, 'Hiện có', 40),
('BD0136', 'B004', 'Supplier D', 2023, 310, 'Hiện có', 40),
('BD0137', 'B004', 'Supplier D', 2024, 350, 'Hiện có', 40),
('BD0138', 'B004', 'Supplier D', 2025, 400, 'Hiện có', 40),
('BD0139', 'B004', 'Supplier D', 2023, 230, 'Hiện có', 40),
('BD0140', 'B004', 'Supplier D', 2024, 270, 'Hiện có', 40),
('BD0141', 'B004', 'Supplier D', 2025, 310, 'Hiện có', 40),
('BD0142', 'B004', 'Supplier D', 2023, 360, 'Hiện có', 40),
('BD0143', 'B004', 'Supplier D', 2024, 410, 'Hiện có', 40),
('BD0144', 'B004', 'Supplier D', 2025, 290, 'Hiện có', 40),
('BD0145', 'B004', 'Supplier D', 2023, 340, 'Hiện có', 40),
('BD0146', 'B004', 'Supplier D', 2024, 390, 'Hiện có', 40),
('BD0147', 'B004', 'Supplier D', 2025, 250, 'Hiện có', 40),
('BD0148', 'B004', 'Supplier D', 2023, 300, 'Hiện có', 40),
('BD0149', 'B004', 'Supplier D', 2024, 350, 'Hiện có', 40),
('BD0150', 'B004', 'Supplier D', 2025, 400, 'Hiện có', 40),
('BD0151', 'B004', 'Supplier D', 2023, 220, 'Hiện có', 40),
('BD0152', 'B004', 'Supplier D', 2024, 270, 'Hiện có', 40),
('BD0153', 'B004', 'Supplier D', 2025, 320, 'Hiện có', 40),
('BD0154', 'B004', 'Supplier D', 2023, 370, 'Hiện có', 40),
('BD0155', 'B004', 'Supplier D', 2024, 420, 'Hiện có', 40),
('BD0156', 'B004', 'Supplier D', 2025, 260, 'Hiện có', 40),
('BD0157', 'B004', 'Supplier D', 2023, 310, 'Hiện có', 40),
('BD0158', 'B004', 'Supplier D', 2024, 360, 'Hiện có', 40),
('BD0159', 'B004', 'Supplier D', 2025, 410, 'Hiện có', 40),
('BD0160', 'B004', 'Supplier D', 2023, 290, 'Hiện có', 40),
('BD0161', 'B004', 'Supplier D', 2024, 300, 'Hiện có', 40),
('BD0162', 'B005', 'Supplier E', 2023, 250, 'Hiện có', 40),
('BD0163', 'B005', 'Supplier E', 2024, 300, 'Hiện có', 40),
('BD0164', 'B005', 'Supplier E', 2025, 350, 'Hiện có', 40),
('BD0165', 'B005', 'Supplier E', 2023, 400, 'Hiện có', 40),
('BD0166', 'B005', 'Supplier E', 2024, 450, 'Hiện có', 40),
('BD0167', 'B005', 'Supplier E', 2025, 220, 'Hiện có', 40),
('BD0168', 'B005', 'Supplier E', 2023, 280, 'Hiện có', 40),
('BD0169', 'B005', 'Supplier E', 2024, 320, 'Hiện có', 40),
('BD0170', 'B005', 'Supplier E', 2025, 360, 'Hiện có', 40),
('BD0171', 'B005', 'Supplier E', 2023, 410, 'Hiện có', 40),
('BD0172', 'B005', 'Supplier E', 2024, 290, 'Hiện có', 40),
('BD0173', 'B005', 'Supplier E', 2025, 330, 'Hiện có', 40),
('BD0174', 'B005', 'Supplier E', 2023, 370, 'Hiện có', 40),
('BD0175', 'B005', 'Supplier E', 2024, 420, 'Hiện có', 40),
('BD0176', 'B005', 'Supplier E', 2025, 260, 'Hiện có', 40),
('BD0177', 'B005', 'Supplier E', 2023, 310, 'Hiện có', 40),
('BD0178', 'B005', 'Supplier E', 2024, 350, 'Hiện có', 40),
('BD0179', 'B005', 'Supplier E', 2025, 400, 'Hiện có', 40),
('BD0180', 'B005', 'Supplier E', 2023, 230, 'Hiện có', 40),
('BD0181', 'B005', 'Supplier E', 2024, 270, 'Hiện có', 40),
('BD0182', 'B005', 'Supplier E', 2025, 310, 'Hiện có', 40),
('BD0183', 'B005', 'Supplier E', 2023, 360, 'Hiện có', 40),
('BD0184', 'B005', 'Supplier E', 2024, 410, 'Hiện có', 40),
('BD0185', 'B005', 'Supplier E', 2025, 290, 'Hiện có', 40),
('BD0186', 'B005', 'Supplier E', 2023, 340, 'Hiện có', 40),
('BD0187', 'B005', 'Supplier E', 2024, 390, 'Hiện có', 40),
('BD0188', 'B005', 'Supplier E', 2025, 250, 'Hiện có', 40),
('BD0189', 'B005', 'Supplier E', 2023, 300, 'Hiện có', 40),
('BD0190', 'B005', 'Supplier E', 2024, 350, 'Hiện có', 40),
('BD0191', 'B005', 'Supplier E', 2025, 400, 'Hiện có', 40),
('BD0192', 'B005', 'Supplier E', 2023, 220, 'Hiện có', 40),
('BD0193', 'B005', 'Supplier E', 2024, 270, 'Hiện có', 40),
('BD0194', 'B005', 'Supplier E', 2025, 320, 'Hiện có', 40),
('BD0195', 'B005', 'Supplier E', 2023, 370, 'Hiện có', 40),
('BD0196', 'B005', 'Supplier E', 2024, 420, 'Hiện có', 40),
('BD0197', 'B005', 'Supplier E', 2025, 260, 'Hiện có', 40),
('BD0198', 'B005', 'Supplier E', 2023, 310, 'Hiện có', 40),
('BD0199', 'B005', 'Supplier E', 2024, 360, 'Hiện có', 40),
('BD0200', 'B005', 'Supplier E', 2025, 410, 'Hiện có', 40),
('BD0201', 'B006', 'Supplier F', 2023, 250, 'Hiện có', 40),
('BD0202', 'B006', 'Supplier F', 2024, 300, 'Hiện có', 40),
('BD0203', 'B006', 'Supplier F', 2025, 350, 'Hiện có', 40),
('BD0204', 'B006', 'Supplier F', 2023, 400, 'Hiện có', 40),
('BD0205', 'B006', 'Supplier F', 2024, 450, 'Hiện có', 40),
('BD0206', 'B006', 'Supplier F', 2025, 220, 'Hiện có', 40),
('BD0207', 'B006', 'Supplier F', 2023, 280, 'Hiện có', 40),
('BD0208', 'B006', 'Supplier F', 2024, 320, 'Hiện có', 40),
('BD0209', 'B006', 'Supplier F', 2025, 360, 'Hiện có', 40),
('BD0210', 'B006', 'Supplier F', 2023, 410, 'Hiện có', 40),
('BD0211', 'B006', 'Supplier F', 2024, 290, 'Hiện có', 40),
('BD0212', 'B006', 'Supplier F', 2025, 330, 'Hiện có', 40),
('BD0213', 'B006', 'Supplier F', 2023, 370, 'Hiện có', 40),
('BD0214', 'B006', 'Supplier F', 2024, 420, 'Hiện có', 40),
('BD0215', 'B006', 'Supplier F', 2025, 260, 'Hiện có', 40),
('BD0216', 'B006', 'Supplier F', 2023, 310, 'Hiện có', 40),
('BD0217', 'B006', 'Supplier F', 2024, 350, 'Hiện có', 40),
('BD0218', 'B006', 'Supplier F', 2025, 400, 'Hiện có', 40),
('BD0219', 'B006', 'Supplier F', 2023, 230, 'Hiện có', 40),
('BD0220', 'B006', 'Supplier F', 2024, 270, 'Hiện có', 40),
('BD0221', 'B006', 'Supplier F', 2025, 310, 'Hiện có', 40),
('BD0222', 'B006', 'Supplier F', 2023, 360, 'Hiện có', 40),
('BD0223', 'B006', 'Supplier F', 2024, 410, 'Hiện có', 40),
('BD0224', 'B006', 'Supplier F', 2025, 290, 'Hiện có', 40),
('BD0225', 'B006', 'Supplier F', 2023, 340, 'Hiện có', 40),
('BD0226', 'B006', 'Supplier F', 2024, 390, 'Hiện có', 40),
('BD0227', 'B006', 'Supplier F', 2025, 250, 'Hiện có', 40),
('BD0228', 'B006', 'Supplier F', 2023, 300, 'Hiện có', 40),
('BD0229', 'B006', 'Supplier F', 2024, 350, 'Hiện có', 40),
('BD0230', 'B006', 'Supplier F', 2025, 400, 'Hiện có', 40),
('BD0231', 'B006', 'Supplier F', 2023, 220, 'Hiện có', 40),
('BD0232', 'B006', 'Supplier F', 2024, 270, 'Hiện có', 40),
('BD0233', 'B006', 'Supplier F', 2025, 320, 'Hiện có', 40),
('BD0234', 'B006', 'Supplier F', 2023, 370, 'Hiện có', 40),
('BD0235', 'B006', 'Supplier F', 2024, 420, 'Hiện có', 40),
('BD0236', 'B006', 'Supplier F', 2025, 260, 'Hiện có', 40),
('BD0237', 'B006', 'Supplier F', 2023, 310, 'Hiện có', 40),
('BD0238', 'B006', 'Supplier F', 2024, 360, 'Hiện có', 40),
('BD0239', 'B006', 'Supplier F', 2025, 410, 'Hiện có', 40),
('BD0240', 'B006', 'Supplier F', 2023, 290, 'Hiện có', 40),
('BD0241', 'B007', 'Supplier G', 2024, 300, 'Hiện có', 40),
('BD0242', 'B007', 'Supplier G', 2023, 250, 'Hiện có', 40),
('BD0243', 'B007', 'Supplier G', 2024, 300, 'Hiện có', 40),
('BD0244', 'B007', 'Supplier G', 2025, 350, 'Hiện có', 40),
('BD0245', 'B007', 'Supplier G', 2023, 400, 'Hiện có', 40),
('BD0246', 'B007', 'Supplier G', 2024, 450, 'Hiện có', 40),
('BD0247', 'B007', 'Supplier G', 2025, 220, 'Hiện có', 40),
('BD0248', 'B007', 'Supplier G', 2023, 280, 'Hiện có', 40),
('BD0249', 'B007', 'Supplier G', 2024, 320, 'Hiện có', 40),
('BD0250', 'B007', 'Supplier G', 2025, 360, 'Hiện có', 40),
('BD0251', 'B007', 'Supplier G', 2023, 410, 'Hiện có', 40),
('BD0252', 'B007', 'Supplier G', 2024, 290, 'Hiện có', 40),
('BD0253', 'B007', 'Supplier G', 2025, 330, 'Hiện có', 40),
('BD0254', 'B007', 'Supplier G', 2023, 370, 'Hiện có', 40),
('BD0255', 'B007', 'Supplier G', 2024, 420, 'Hiện có', 40),
('BD0256', 'B007', 'Supplier G', 2025, 260, 'Hiện có', 40),
('BD0257', 'B007', 'Supplier G', 2023, 310, 'Hiện có', 40),
('BD0258', 'B007', 'Supplier G', 2024, 350, 'Hiện có', 40),
('BD0259', 'B007', 'Supplier G', 2025, 400, 'Hiện có', 40),
('BD0260', 'B007', 'Supplier G', 2023, 230, 'Hiện có', 40),
('BD0261', 'B007', 'Supplier G', 2024, 270, 'Hiện có', 40),
('BD0262', 'B007', 'Supplier G', 2025, 310, 'Hiện có', 40),
('BD0263', 'B007', 'Supplier G', 2023, 360, 'Hiện có', 40),
('BD0264', 'B007', 'Supplier G', 2024, 410, 'Hiện có', 40),
('BD0265', 'B007', 'Supplier G', 2025, 290, 'Hiện có', 40),
('BD0266', 'B007', 'Supplier G', 2023, 340, 'Hiện có', 40),
('BD0267', 'B007', 'Supplier G', 2024, 390, 'Hiện có', 40),
('BD0268', 'B007', 'Supplier G', 2025, 250, 'Hiện có', 40),
('BD0269', 'B007', 'Supplier G', 2023, 300, 'Hiện có', 40),
('BD0270', 'B007', 'Supplier G', 2024, 350, 'Hiện có', 40),
('BD0271', 'B007', 'Supplier G', 2025, 400, 'Hiện có', 40),
('BD0272', 'B007', 'Supplier G', 2023, 220, 'Hiện có', 40),
('BD0273', 'B007', 'Supplier G', 2024, 270, 'Hiện có', 40),
('BD0274', 'B007', 'Supplier G', 2025, 320, 'Hiện có', 40),
('BD0275', 'B007', 'Supplier G', 2023, 370, 'Hiện có', 40),
('BD0276', 'B007', 'Supplier G', 2024, 420, 'Hiện có', 40),
('BD0277', 'B007', 'Supplier G', 2025, 260, 'Hiện có', 40),
('BD0278', 'B007', 'Supplier G', 2023, 310, 'Hiện có', 40),
('BD0279', 'B007', 'Supplier G', 2024, 360, 'Hiện có', 40),
('BD0280', 'B007', 'Supplier G', 2025, 410, 'Hiện có', 40),
('BD0281', 'B008', 'Supplier H', 2023, 250, 'Hiện có', 40),
('BD0282', 'B008', 'Supplier H', 2024, 300, 'Hiện có', 40),
('BD0283', 'B008', 'Supplier H', 2025, 350, 'Hiện có', 40),
('BD0284', 'B008', 'Supplier H', 2023, 400, 'Hiện có', 40),
('BD0285', 'B008', 'Supplier H', 2024, 450, 'Hiện có', 40),
('BD0286', 'B008', 'Supplier H', 2025, 220, 'Hiện có', 40),
('BD0287', 'B008', 'Supplier H', 2023, 280, 'Hiện có', 40),
('BD0288', 'B008', 'Supplier H', 2024, 320, 'Hiện có', 40),
('BD0289', 'B008', 'Supplier H', 2025, 360, 'Hiện có', 40),
('BD0290', 'B008', 'Supplier H', 2023, 410, 'Hiện có', 40),
('BD0291', 'B008', 'Supplier H', 2024, 290, 'Hiện có', 40),
('BD0292', 'B008', 'Supplier H', 2025, 330, 'Hiện có', 40),
('BD0293', 'B008', 'Supplier H', 2023, 370, 'Hiện có', 40),
('BD0294', 'B008', 'Supplier H', 2024, 420, 'Hiện có', 40),
('BD0295', 'B008', 'Supplier H', 2025, 260, 'Hiện có', 40),
('BD0296', 'B008', 'Supplier H', 2023, 310, 'Hiện có', 40),
('BD0297', 'B008', 'Supplier H', 2024, 350, 'Hiện có', 40),
('BD0298', 'B008', 'Supplier H', 2025, 400, 'Hiện có', 40),
('BD0299', 'B008', 'Supplier H', 2023, 230, 'Hiện có', 40),
('BD0300', 'B008', 'Supplier H', 2024, 270, 'Hiện có', 40),
('BD0301', 'B008', 'Supplier H', 2025, 310, 'Hiện có', 40),
('BD0302', 'B008', 'Supplier H', 2023, 360, 'Hiện có', 40),
('BD0303', 'B008', 'Supplier H', 2024, 410, 'Hiện có', 40),
('BD0304', 'B008', 'Supplier H', 2025, 290, 'Hiện có', 40),
('BD0305', 'B008', 'Supplier H', 2023, 340, 'Hiện có', 40),
('BD0306', 'B008', 'Supplier H', 2024, 390, 'Hiện có', 40),
('BD0307', 'B008', 'Supplier H', 2025, 250, 'Hiện có', 40),
('BD0308', 'B008', 'Supplier H', 2023, 300, 'Hiện có', 40),
('BD0309', 'B008', 'Supplier H', 2024, 350, 'Hiện có', 40),
('BD0310', 'B008', 'Supplier H', 2025, 400, 'Hiện có', 40),
('BD0311', 'B008', 'Supplier H', 2023, 220, 'Hiện có', 40),
('BD0312', 'B008', 'Supplier H', 2024, 270, 'Hiện có', 40),
('BD0313', 'B008', 'Supplier H', 2025, 320, 'Hiện có', 40),
('BD0314', 'B008', 'Supplier H', 2023, 370, 'Hiện có', 40),
('BD0315', 'B008', 'Supplier H', 2024, 420, 'Hiện có', 40),
('BD0316', 'B008', 'Supplier H', 2025, 260, 'Hiện có', 40),
('BD0317', 'B008', 'Supplier H', 2023, 310, 'Hiện có', 40),
('BD0318', 'B008', 'Supplier H', 2024, 360, 'Hiện có', 40),
('BD0319', 'B008', 'Supplier H', 2025, 410, 'Hiện có', 40),
('BD0320', 'B009', 'Supplier I', 2023, 250, 'Hiện có', 40),
('BD0321', 'B009', 'Supplier I', 2024, 300, 'Hiện có', 40),
('BD0322', 'B009', 'Supplier I', 2025, 350, 'Hiện có', 40),
('BD0323', 'B009', 'Supplier I', 2023, 400, 'Hiện có', 40),
('BD0324', 'B009', 'Supplier I', 2024, 450, 'Hiện có', 40),
('BD0325', 'B009', 'Supplier I', 2025, 220, 'Hiện có', 40),
('BD0326', 'B009', 'Supplier I', 2023, 280, 'Hiện có', 40),
('BD0327', 'B009', 'Supplier I', 2024, 320, 'Hiện có', 40),
('BD0328', 'B009', 'Supplier I', 2025, 360, 'Hiện có', 40),
('BD0329', 'B009', 'Supplier I', 2023, 410, 'Hiện có', 40),
('BD0330', 'B009', 'Supplier I', 2024, 290, 'Hiện có', 40),
('BD0331', 'B009', 'Supplier I', 2025, 330, 'Hiện có', 40),
('BD0332', 'B009', 'Supplier I', 2023, 370, 'Hiện có', 40),
('BD0333', 'B009', 'Supplier I', 2024, 420, 'Hiện có', 40),
('BD0334', 'B009', 'Supplier I', 2025, 260, 'Hiện có', 40),
('BD0335', 'B009', 'Supplier I', 2023, 310, 'Hiện có', 40),
('BD0336', 'B009', 'Supplier I', 2024, 350, 'Hiện có', 40),
('BD0337', 'B009', 'Supplier I', 2025, 400, 'Hiện có', 40),
('BD0338', 'B009', 'Supplier I', 2023, 230, 'Hiện có', 40),
('BD0339', 'B009', 'Supplier I', 2024, 270, 'Hiện có', 40),
('BD0340', 'B009', 'Supplier I', 2025, 310, 'Hiện có', 40),
('BD0341', 'B009', 'Supplier I', 2023, 360, 'Hiện có', 40),
('BD0342', 'B009', 'Supplier I', 2024, 410, 'Hiện có', 40),
('BD0343', 'B009', 'Supplier I', 2025, 290, 'Hiện có', 40),
('BD0344', 'B009', 'Supplier I', 2023, 340, 'Hiện có', 40),
('BD0345', 'B009', 'Supplier I', 2024, 390, 'Hiện có', 40),
('BD0346', 'B009', 'Supplier I', 2025, 250, 'Hiện có', 40),
('BD0347', 'B009', 'Supplier I', 2023, 300, 'Hiện có', 40),
('BD0348', 'B009', 'Supplier I', 2024, 350, 'Hiện có', 40),
('BD0349', 'B009', 'Supplier I', 2025, 400, 'Hiện có', 40),
('BD0350', 'B009', 'Supplier I', 2023, 220, 'Hiện có', 40),
('BD0351', 'B009', 'Supplier I', 2024, 270, 'Hiện có', 40),
('BD0352', 'B009', 'Supplier I', 2025, 320, 'Hiện có', 40),
('BD0353', 'B009', 'Supplier I', 2023, 370, 'Hiện có', 40),
('BD0354', 'B009', 'Supplier I', 2024, 420, 'Hiện có', 40),
('BD0355', 'B009', 'Supplier I', 2025, 260, 'Hiện có', 40),
('BD0356', 'B009', 'Supplier I', 2023, 310, 'Hiện có', 40),
('BD0357', 'B009', 'Supplier I', 2024, 360, 'Hiện có', 40),
('BD0358', 'B009', 'Supplier I', 2025, 410, 'Hiện có', 40),
('BD0359', 'B010', 'Supplier J', 2023, 250, 'Hiện có', 40),
('BD0360', 'B010', 'Supplier J', 2024, 300, 'Hiện có', 40),
('BD0361', 'B010', 'Supplier J', 2025, 350, 'Hiện có', 40),
('BD0362', 'B010', 'Supplier J', 2023, 400, 'Hiện có', 40),
('BD0363', 'B010', 'Supplier J', 2024, 450, 'Hiện có', 40),
('BD0364', 'B010', 'Supplier J', 2025, 220, 'Hiện có', 40),
('BD0365', 'B010', 'Supplier J', 2023, 280, 'Hiện có', 40),
('BD0366', 'B010', 'Supplier J', 2024, 320, 'Hiện có', 40),
('BD0367', 'B010', 'Supplier J', 2025, 360, 'Hiện có', 40),
('BD0368', 'B010', 'Supplier J', 2023, 410, 'Hiện có', 40),
('BD0369', 'B010', 'Supplier J', 2024, 290, 'Hiện có', 40),
('BD0370', 'B010', 'Supplier J', 2025, 330, 'Hiện có', 40),
('BD0371', 'B010', 'Supplier J', 2023, 370, 'Hiện có', 40),
('BD0372', 'B010', 'Supplier J', 2024, 420, 'Hiện có', 40),
('BD0373', 'B010', 'Supplier J', 2025, 260, 'Hiện có', 40),
('BD0374', 'B010', 'Supplier J', 2023, 310, 'Hiện có', 40),
('BD0375', 'B010', 'Supplier J', 2024, 350, 'Hiện có', 40),
('BD0376', 'B010', 'Supplier J', 2025, 400, 'Hiện có', 40),
('BD0377', 'B010', 'Supplier J', 2023, 230, 'Hiện có', 40),
('BD0378', 'B010', 'Supplier J', 2024, 270, 'Hiện có', 40),
('BD0379', 'B010', 'Supplier J', 2025, 310, 'Hiện có', 40),
('BD0380', 'B010', 'Supplier J', 2023, 360, 'Hiện có', 40),
('BD0381', 'B010', 'Supplier J', 2024, 410, 'Hiện có', 40),
('BD0382', 'B010', 'Supplier J', 2025, 290, 'Hiện có', 40),
('BD0383', 'B010', 'Supplier J', 2023, 340, 'Hiện có', 40),
('BD0384', 'B010', 'Supplier J', 2024, 390, 'Hiện có', 40),
('BD0385', 'B010', 'Supplier J', 2025, 250, 'Hiện có', 40),
('BD0386', 'B010', 'Supplier J', 2023, 300, 'Hiện có', 40),
('BD0387', 'B010', 'Supplier J', 2024, 350, 'Hiện có', 40),
('BD0388', 'B010', 'Supplier J', 2025, 400, 'Hiện có', 40),
('BD0389', 'B010', 'Supplier J', 2023, 220, 'Hiện có', 40),
('BD0390', 'B010', 'Supplier J', 2024, 270, 'Hiện có', 40),
('BD0391', 'B010', 'Supplier J', 2025, 320, 'Hiện có', 40),
('BD0392', 'B010', 'Supplier J', 2023, 370, 'Hiện có', 40),
('BD0393', 'B010', 'Supplier J', 2024, 420, 'Hiện có', 40),
('BD0394', 'B010', 'Supplier J', 2025, 260, 'Hiện có', 40),
('BD0395', 'B010', 'Supplier J', 2023, 310, 'Hiện có', 40),
('BD0396', 'B010', 'Supplier J', 2024, 360, 'Hiện có', 40),
('BD0397', 'B010', 'Supplier J', 2025, 410, 'Hiện có', 40),
('BD0398', 'B011', 'Supplier K', 2023, 250, 'Hiện có', 40),
('BD0399', 'B011', 'Supplier K', 2024, 300, 'Hiện có', 40),
('BD0400', 'B011', 'Supplier K', 2025, 350, 'Hiện có', 40),
('BD0401', 'B011', 'Supplier K', 2023, 400, 'Hiện có', 40),
('BD0402', 'B011', 'Supplier K', 2024, 450, 'Hiện có', 40),
('BD0403', 'B011', 'Supplier K', 2025, 220, 'Hiện có', 40),
('BD0404', 'B011', 'Supplier K', 2023, 280, 'Hiện có', 40),
('BD0405', 'B011', 'Supplier K', 2024, 320, 'Hiện có', 40),
('BD0406', 'B011', 'Supplier K', 2025, 360, 'Hiện có', 40),
('BD0407', 'B011', 'Supplier K', 2023, 410, 'Hiện có', 40),
('BD0408', 'B011', 'Supplier K', 2024, 290, 'Hiện có', 40),
('BD0409', 'B011', 'Supplier K', 2025, 330, 'Hiện có', 40),
('BD0410', 'B011', 'Supplier K', 2023, 370, 'Hiện có', 40),
('BD0411', 'B011', 'Supplier K', 2024, 420, 'Hiện có', 40),
('BD0412', 'B011', 'Supplier K', 2025, 260, 'Hiện có', 40),
('BD0413', 'B011', 'Supplier K', 2023, 310, 'Hiện có', 40),
('BD0414', 'B011', 'Supplier K', 2024, 350, 'Hiện có', 40),
('BD0415', 'B011', 'Supplier K', 2025, 400, 'Hiện có', 40),
('BD0416', 'B011', 'Supplier K', 2023, 230, 'Hiện có', 40),
('BD0417', 'B011', 'Supplier K', 2024, 270, 'Hiện có', 40),
('BD0418', 'B011', 'Supplier K', 2025, 310, 'Hiện có', 40),
('BD0419', 'B011', 'Supplier K', 2023, 360, 'Hiện có', 40),
('BD0420', 'B011', 'Supplier K', 2024, 410, 'Hiện có', 40),
('BD0421', 'B011', 'Supplier K', 2025, 290, 'Hiện có', 40),
('BD0422', 'B011', 'Supplier K', 2023, 340, 'Hiện có', 40),
('BD0423', 'B011', 'Supplier K', 2024, 390, 'Hiện có', 40),
('BD0424', 'B011', 'Supplier K', 2025, 250, 'Hiện có', 40),
('BD0425', 'B011', 'Supplier K', 2023, 300, 'Hiện có', 40),
('BD0426', 'B011', 'Supplier K', 2024, 350, 'Hiện có', 40),
('BD0427', 'B011', 'Supplier K', 2025, 400, 'Hiện có', 40),
('BD0428', 'B011', 'Supplier K', 2023, 220, 'Hiện có', 40),
('BD0429', 'B011', 'Supplier K', 2024, 270, 'Hiện có', 40),
('BD0430', 'B011', 'Supplier K', 2025, 320, 'Hiện có', 40),
('BD0431', 'B011', 'Supplier K', 2023, 370, 'Hiện có', 40),
('BD0432', 'B011', 'Supplier K', 2024, 420, 'Hiện có', 40),
('BD0433', 'B011', 'Supplier K', 2025, 260, 'Hiện có', 40),
('BD0434', 'B011', 'Supplier K', 2023, 310, 'Hiện có', 40),
('BD0435', 'B011', 'Supplier K', 2024, 360, 'Hiện có', 40),
('BD0436', 'B011', 'Supplier K', 2025, 410, 'Hiện có', 40),
('BD0437', 'B012', 'Supplier L', 2023, 250, 'Hiện có', 40),
('BD0438', 'B012', 'Supplier L', 2024, 300, 'Hiện có', 40),
('BD0439', 'B012', 'Supplier L', 2025, 350, 'Hiện có', 40),
('BD0440', 'B012', 'Supplier L', 2023, 400, 'Hiện có', 40),
('BD0441', 'B012', 'Supplier L', 2024, 450, 'Hiện có', 40),
('BD0442', 'B012', 'Supplier L', 2025, 220, 'Hiện có', 40),
('BD0443', 'B012', 'Supplier L', 2023, 280, 'Hiện có', 40),
('BD0444', 'B012', 'Supplier L', 2024, 320, 'Hiện có', 40),
('BD0445', 'B012', 'Supplier L', 2025, 360, 'Hiện có', 40),
('BD0446', 'B012', 'Supplier L', 2023, 410, 'Hiện có', 40),
('BD0447', 'B012', 'Supplier L', 2024, 290, 'Hiện có', 40),
('BD0448', 'B012', 'Supplier L', 2025, 330, 'Hiện có', 40),
('BD0449', 'B012', 'Supplier L', 2023, 370, 'Hiện có', 40),
('BD0450', 'B012', 'Supplier L', 2024, 420, 'Hiện có', 40),
('BD0451', 'B012', 'Supplier L', 2025, 260, 'Hiện có', 40),
('BD0452', 'B012', 'Supplier L', 2023, 310, 'Hiện có', 40),
('BD0453', 'B012', 'Supplier L', 2024, 350, 'Hiện có', 40),
('BD0454', 'B012', 'Supplier L', 2025, 400, 'Hiện có', 40),
('BD0455', 'B012', 'Supplier L', 2023, 230, 'Hiện có', 40),
('BD0456', 'B012', 'Supplier L', 2024, 270, 'Hiện có', 40),
('BD0457', 'B012', 'Supplier L', 2025, 310, 'Hiện có', 40),
('BD0458', 'B012', 'Supplier L', 2023, 360, 'Hiện có', 40),
('BD0459', 'B012', 'Supplier L', 2024, 410, 'Hiện có', 40),
('BD0460', 'B012', 'Supplier L', 2025, 290, 'Hiện có', 40),
('BD0461', 'B012', 'Supplier L', 2023, 340, 'Hiện có', 40),
('BD0462', 'B012', 'Supplier L', 2024, 390, 'Hiện có', 40),
('BD0463', 'B012', 'Supplier L', 2025, 250, 'Hiện có', 40),
('BD0464', 'B012', 'Supplier L', 2023, 300, 'Hiện có', 40),
('BD0465', 'B012', 'Supplier L', 2024, 350, 'Hiện có', 40),
('BD0466', 'B012', 'Supplier L', 2025, 400, 'Hiện có', 40),
('BD0467', 'B012', 'Supplier L', 2023, 220, 'Hiện có', 40),
('BD0468', 'B012', 'Supplier L', 2024, 270, 'Hiện có', 40),
('BD0469', 'B012', 'Supplier L', 2025, 320, 'Hiện có', 40),
('BD0470', 'B012', 'Supplier L', 2023, 370, 'Hiện có', 40),
('BD0471', 'B012', 'Supplier L', 2024, 420, 'Hiện có', 40),
('BD0472', 'B012', 'Supplier L', 2025, 260, 'Hiện có', 40),
('BD0473', 'B012', 'Supplier L', 2023, 310, 'Hiện có', 40),
('BD0474', 'B012', 'Supplier L', 2024, 360, 'Hiện có', 40),
('BD0475', 'B012', 'Supplier L', 2025, 410, 'Hiện có', 40),
('BD0476', 'B013', 'Supplier M', 2023, 250, 'Hiện có', 40),
('BD0477', 'B013', 'Supplier M', 2024, 300, 'Hiện có', 40),
('BD0478', 'B013', 'Supplier M', 2025, 350, 'Hiện có', 40),
('BD0479', 'B013', 'Supplier M', 2023, 400, 'Hiện có', 40),
('BD0480', 'B013', 'Supplier M', 2024, 450, 'Hiện có', 40),
('BD0481', 'B013', 'Supplier M', 2025, 220, 'Hiện có', 40),
('BD0482', 'B013', 'Supplier M', 2023, 280, 'Hiện có', 40),
('BD0483', 'B013', 'Supplier M', 2024, 320, 'Hiện có', 40),
('BD0484', 'B013', 'Supplier M', 2025, 360, 'Hiện có', 40),
('BD0485', 'B013', 'Supplier M', 2023, 410, 'Hiện có', 40),
('BD0486', 'B013', 'Supplier M', 2024, 290, 'Hiện có', 40),
('BD0487', 'B013', 'Supplier M', 2025, 330, 'Hiện có', 40),
('BD0488', 'B013', 'Supplier M', 2023, 370, 'Hiện có', 40),
('BD0489', 'B013', 'Supplier M', 2024, 420, 'Hiện có', 40),
('BD0490', 'B013', 'Supplier M', 2025, 260, 'Hiện có', 40),
('BD0491', 'B013', 'Supplier M', 2023, 310, 'Hiện có', 40),
('BD0492', 'B013', 'Supplier M', 2024, 350, 'Hiện có', 40),
('BD0493', 'B013', 'Supplier M', 2025, 400, 'Hiện có', 40),
('BD0494', 'B013', 'Supplier M', 2023, 230, 'Hiện có', 40),
('BD0495', 'B013', 'Supplier M', 2024, 270, 'Hiện có', 40),
('BD0496', 'B013', 'Supplier M', 2025, 310, 'Hiện có', 40),
('BD0497', 'B013', 'Supplier M', 2023, 360, 'Hiện có', 40),
('BD0498', 'B013', 'Supplier M', 2024, 410, 'Hiện có', 40),
('BD0499', 'B013', 'Supplier M', 2025, 290, 'Hiện có', 40),
('BD0500', 'B013', 'Supplier M', 2023, 340, 'Hiện có', 40),
('BD0501', 'B013', 'Supplier M', 2024, 390, 'Hiện có', 40),
('BD0502', 'B013', 'Supplier M', 2025, 250, 'Hiện có', 40),
('BD0503', 'B013', 'Supplier M', 2023, 300, 'Hiện có', 40),
('BD0504', 'B013', 'Supplier M', 2024, 350, 'Hiện có', 40),
('BD0505', 'B013', 'Supplier M', 2025, 400, 'Hiện có', 40),
('BD0506', 'B013', 'Supplier M', 2023, 220, 'Hiện có', 40),
('BD0507', 'B013', 'Supplier M', 2024, 270, 'Hiện có', 40),
('BD0508', 'B013', 'Supplier M', 2025, 320, 'Hiện có', 40),
('BD0509', 'B013', 'Supplier M', 2023, 370, 'Hiện có', 40),
('BD0510', 'B013', 'Supplier M', 2024, 420, 'Hiện có', 40),
('BD0511', 'B013', 'Supplier M', 2025, 260, 'Hiện có', 40),
('BD0512', 'B013', 'Supplier M', 2023, 310, 'Hiện có', 40),
('BD0513', 'B013', 'Supplier M', 2024, 360, 'Hiện có', 40),
('BD0514', 'B013', 'Supplier M', 2025, 410, 'Hiện có', 40),
('BD0515', 'B014', 'Supplier N', 2023, 250, 'Hiện có', 40),
('BD0516', 'B014', 'Supplier N', 2024, 300, 'Hiện có', 40),
('BD0517', 'B014', 'Supplier N', 2025, 350, 'Hiện có', 40),
('BD0518', 'B014', 'Supplier N', 2023, 400, 'Hiện có', 40),
('BD0519', 'B014', 'Supplier N', 2024, 450, 'Hiện có', 40),
('BD0520', 'B014', 'Supplier N', 2025, 220, 'Hiện có', 40),
('BD0521', 'B014', 'Supplier N', 2023, 280, 'Hiện có', 40),
('BD0522', 'B014', 'Supplier N', 2024, 320, 'Hiện có', 40),
('BD0523', 'B014', 'Supplier N', 2025, 360, 'Hiện có', 40),
('BD0524', 'B014', 'Supplier N', 2023, 410, 'Hiện có', 40),
('BD0525', 'B014', 'Supplier N', 2024, 290, 'Hiện có', 40),
('BD0526', 'B014', 'Supplier N', 2025, 330, 'Hiện có', 40),
('BD0527', 'B014', 'Supplier N', 2023, 370, 'Hiện có', 40),
('BD0528', 'B014', 'Supplier N', 2024, 420, 'Hiện có', 40),
('BD0529', 'B014', 'Supplier N', 2025, 260, 'Hiện có', 40),
('BD0530', 'B014', 'Supplier N', 2023, 310, 'Hiện có', 40),
('BD0531', 'B014', 'Supplier N', 2024, 350, 'Hiện có', 40),
('BD0532', 'B014', 'Supplier N', 2025, 400, 'Hiện có', 40),
('BD0533', 'B014', 'Supplier N', 2023, 230, 'Hiện có', 40),
('BD0534', 'B014', 'Supplier N', 2024, 270, 'Hiện có', 40),
('BD0535', 'B014', 'Supplier N', 2025, 310, 'Hiện có', 40),
('BD0536', 'B014', 'Supplier N', 2023, 360, 'Hiện có', 40),
('BD0537', 'B014', 'Supplier N', 2024, 410, 'Hiện có', 40),
('BD0538', 'B014', 'Supplier N', 2025, 290, 'Hiện có', 40),
('BD0539', 'B014', 'Supplier N', 2023, 340, 'Hiện có', 40),
('BD0540', 'B014', 'Supplier N', 2024, 390, 'Hiện có', 40),
('BD0541', 'B014', 'Supplier N', 2025, 250, 'Hiện có', 40),
('BD0542', 'B014', 'Supplier N', 2023, 300, 'Hiện có', 40),
('BD0543', 'B014', 'Supplier N', 2024, 350, 'Hiện có', 40),
('BD0544', 'B014', 'Supplier N', 2025, 400, 'Hiện có', 40),
('BD0545', 'B014', 'Supplier N', 2023, 220, 'Hiện có', 40),
('BD0546', 'B014', 'Supplier N', 2024, 270, 'Hiện có', 40),
('BD0547', 'B014', 'Supplier N', 2025, 320, 'Hiện có', 40),
('BD0548', 'B014', 'Supplier N', 2023, 370, 'Hiện có', 40),
('BD0549', 'B014', 'Supplier N', 2024, 420, 'Hiện có', 40),
('BD0550', 'B014', 'Supplier N', 2025, 260, 'Hiện có', 40),
('BD0551', 'B014', 'Supplier N', 2023, 310, 'Hiện có', 40),
('BD0552', 'B014', 'Supplier N', 2024, 360, 'Hiện có', 40),
('BD0553', 'B014', 'Supplier N', 2025, 410, 'Hiện có', 40),
('BD0554', 'B015', 'Supplier O', 2023, 250, 'Hiện có', 40),
('BD0555', 'B015', 'Supplier O', 2024, 300, 'Hiện có', 40),
('BD0556', 'B015', 'Supplier O', 2025, 350, 'Hiện có', 40),
('BD0557', 'B015', 'Supplier O', 2023, 400, 'Hiện có', 40),
('BD0558', 'B015', 'Supplier O', 2024, 450, 'Hiện có', 40),
('BD0559', 'B015', 'Supplier O', 2025, 220, 'Hiện có', 40),
('BD0560', 'B015', 'Supplier O', 2023, 280, 'Hiện có', 40),
('BD0561', 'B015', 'Supplier O', 2024, 320, 'Hiện có', 40),
('BD0562', 'B015', 'Supplier O', 2025, 360, 'Hiện có', 40),
('BD0563', 'B015', 'Supplier O', 2023, 410, 'Hiện có', 40),
('BD0564', 'B015', 'Supplier O', 2024, 290, 'Hiện có', 40),
('BD0565', 'B015', 'Supplier O', 2025, 330, 'Hiện có', 40),
('BD0566', 'B015', 'Supplier O', 2023, 370, 'Hiện có', 40),
('BD0567', 'B015', 'Supplier O', 2024, 420, 'Hiện có', 40),
('BD0568', 'B015', 'Supplier O', 2025, 260, 'Hiện có', 40),
('BD0569', 'B015', 'Supplier O', 2023, 310, 'Hiện có', 40),
('BD0570', 'B015', 'Supplier O', 2024, 350, 'Hiện có', 40),
('BD0571', 'B015', 'Supplier O', 2025, 400, 'Hiện có', 40),
('BD0572', 'B015', 'Supplier O', 2023, 230, 'Hiện có', 40),
('BD0573', 'B015', 'Supplier O', 2024, 270, 'Hiện có', 40),
('BD0574', 'B015', 'Supplier O', 2025, 310, 'Hiện có', 40),
('BD0575', 'B015', 'Supplier O', 2023, 360, 'Hiện có', 40),
('BD0576', 'B015', 'Supplier O', 2024, 410, 'Hiện có', 40),
('BD0577', 'B015', 'Supplier O', 2025, 290, 'Hiện có', 40),
('BD0578', 'B015', 'Supplier O', 2023, 340, 'Hiện có', 40),
('BD0579', 'B015', 'Supplier O', 2024, 390, 'Hiện có', 40),
('BD0580', 'B015', 'Supplier O', 2025, 250, 'Hiện có', 40),
('BD0581', 'B015', 'Supplier O', 2023, 300, 'Hiện có', 40),
('BD0582', 'B015', 'Supplier O', 2024, 350, 'Hiện có', 40),
('BD0583', 'B015', 'Supplier O', 2025, 400, 'Hiện có', 40),
('BD0584', 'B015', 'Supplier O', 2023, 220, 'Hiện có', 40),
('BD0585', 'B015', 'Supplier O', 2024, 270, 'Hiện có', 40),
('BD0586', 'B015', 'Supplier O', 2025, 320, 'Hiện có', 40),
('BD0587', 'B015', 'Supplier O', 2023, 370, 'Hiện có', 40),
('BD0588', 'B015', 'Supplier O', 2024, 420, 'Hiện có', 40),
('BD0589', 'B015', 'Supplier O', 2025, 260, 'Hiện có', 40),
('BD0590', 'B015', 'Supplier O', 2023, 310, 'Hiện có', 40),
('BD0591', 'B015', 'Supplier O', 2024, 360, 'Hiện có', 40),
('BD0592', 'B015', 'Supplier O', 2025, 410, 'Hiện có', 40),
('BD0593', 'B016', 'Supplier P', 2023, 250, 'Hiện có', 40),
('BD0594', 'B016', 'Supplier P', 2024, 300, 'Hiện có', 40),
('BD0595', 'B016', 'Supplier P', 2025, 350, 'Hiện có', 40),
('BD0596', 'B016', 'Supplier P', 2023, 400, 'Hiện có', 40),
('BD0597', 'B016', 'Supplier P', 2024, 450, 'Hiện có', 40),
('BD0598', 'B016', 'Supplier P', 2025, 220, 'Hiện có', 40),
('BD0599', 'B016', 'Supplier P', 2023, 280, 'Hiện có', 40),
('BD0600', 'B016', 'Supplier P', 2024, 320, 'Hiện có', 40),
('BD0601', 'B016', 'Supplier P', 2025, 360, 'Hiện có', 40),
('BD0602', 'B016', 'Supplier P', 2023, 410, 'Hiện có', 40),
('BD0603', 'B016', 'Supplier P', 2024, 290, 'Hiện có', 40),
('BD0604', 'B016', 'Supplier P', 2025, 330, 'Hiện có', 40),
('BD0605', 'B016', 'Supplier P', 2023, 370, 'Hiện có', 40),
('BD0606', 'B016', 'Supplier P', 2024, 420, 'Hiện có', 40),
('BD0607', 'B016', 'Supplier P', 2025, 260, 'Hiện có', 40),
('BD0608', 'B016', 'Supplier P', 2023, 310, 'Hiện có', 40),
('BD0609', 'B016', 'Supplier P', 2024, 350, 'Hiện có', 40),
('BD0610', 'B016', 'Supplier P', 2025, 400, 'Hiện có', 40),
('BD0611', 'B016', 'Supplier P', 2023, 230, 'Hiện có', 40),
('BD0612', 'B016', 'Supplier P', 2024, 270, 'Hiện có', 40),
('BD0613', 'B016', 'Supplier P', 2025, 310, 'Hiện có', 40),
('BD0614', 'B016', 'Supplier P', 2023, 360, 'Hiện có', 40),
('BD0615', 'B016', 'Supplier P', 2024, 410, 'Hiện có', 40),
('BD0616', 'B016', 'Supplier P', 2025, 290, 'Hiện có', 40),
('BD0617', 'B016', 'Supplier P', 2023, 340, 'Hiện có', 40),
('BD0618', 'B016', 'Supplier P', 2024, 390, 'Hiện có', 40),
('BD0619', 'B016', 'Supplier P', 2025, 250, 'Hiện có', 40),
('BD0620', 'B016', 'Supplier P', 2023, 300, 'Hiện có', 40),
('BD0621', 'B016', 'Supplier P', 2024, 350, 'Hiện có', 40),
('BD0622', 'B016', 'Supplier P', 2025, 400, 'Hiện có', 40),
('BD0623', 'B016', 'Supplier P', 2023, 220, 'Hiện có', 40),
('BD0624', 'B016', 'Supplier P', 2024, 270, 'Hiện có', 40),
('BD0625', 'B016', 'Supplier P', 2025, 320, 'Hiện có', 40),
('BD0626', 'B016', 'Supplier P', 2023, 370, 'Hiện có', 40),
('BD0627', 'B016', 'Supplier P', 2024, 420, 'Hiện có', 40),
('BD0628', 'B016', 'Supplier P', 2025, 260, 'Hiện có', 40),
('BD0629', 'B016', 'Supplier P', 2023, 310, 'Hiện có', 40),
('BD0630', 'B016', 'Supplier P', 2024, 360, 'Hiện có', 40),
('BD0631', 'B016', 'Supplier P', 2025, 410, 'Hiện có', 40),
('BD0632', 'B017', 'Supplier Q', 2023, 250, 'Hiện có', 40),
('BD0633', 'B017', 'Supplier Q', 2024, 300, 'Hiện có', 40),
('BD0634', 'B017', 'Supplier Q', 2025, 350, 'Hiện có', 40),
('BD0635', 'B017', 'Supplier Q', 2023, 400, 'Hiện có', 40),
('BD0636', 'B017', 'Supplier Q', 2024, 450, 'Hiện có', 40),
('BD0637', 'B017', 'Supplier Q', 2025, 220, 'Hiện có', 40),
('BD0638', 'B017', 'Supplier Q', 2023, 280, 'Hiện có', 40),
('BD0639', 'B017', 'Supplier Q', 2024, 320, 'Hiện có', 40),
('BD0640', 'B017', 'Supplier Q', 2025, 360, 'Hiện có', 40),
('BD0641', 'B017', 'Supplier Q', 2023, 410, 'Hiện có', 40),
('BD0642', 'B017', 'Supplier Q', 2024, 290, 'Hiện có', 40),
('BD0643', 'B017', 'Supplier Q', 2025, 330, 'Hiện có', 40),
('BD0644', 'B017', 'Supplier Q', 2023, 370, 'Hiện có', 40),
('BD0645', 'B017', 'Supplier Q', 2024, 420, 'Hiện có', 40),
('BD0646', 'B017', 'Supplier Q', 2025, 260, 'Hiện có', 40),
('BD0647', 'B017', 'Supplier Q', 2023, 310, 'Hiện có', 40),
('BD0648', 'B017', 'Supplier Q', 2024, 350, 'Hiện có', 40),
('BD0649', 'B017', 'Supplier Q', 2025, 400, 'Hiện có', 40),
('BD0650', 'B017', 'Supplier Q', 2023, 230, 'Hiện có', 40),
('BD0651', 'B017', 'Supplier Q', 2024, 270, 'Hiện có', 40),
('BD0652', 'B017', 'Supplier Q', 2025, 310, 'Hiện có', 40),
('BD0653', 'B017', 'Supplier Q', 2023, 360, 'Hiện có', 40),
('BD0654', 'B017', 'Supplier Q', 2024, 410, 'Hiện có', 40),
('BD0655', 'B017', 'Supplier Q', 2025, 290, 'Hiện có', 40),
('BD0656', 'B017', 'Supplier Q', 2023, 340, 'Hiện có', 40),
('BD0657', 'B017', 'Supplier Q', 2024, 390, 'Hiện có', 40),
('BD0658', 'B017', 'Supplier Q', 2025, 250, 'Hiện có', 40),
('BD0659', 'B017', 'Supplier Q', 2023, 300, 'Hiện có', 40),
('BD0660', 'B017', 'Supplier Q', 2024, 350, 'Hiện có', 40),
('BD0661', 'B017', 'Supplier Q', 2025, 400, 'Hiện có', 40),
('BD0662', 'B017', 'Supplier Q', 2023, 220, 'Hiện có', 40),
('BD0663', 'B017', 'Supplier Q', 2024, 270, 'Hiện có', 40),
('BD0664', 'B017', 'Supplier Q', 2025, 320, 'Hiện có', 40),
('BD0665', 'B017', 'Supplier Q', 2023, 370, 'Hiện có', 40),
('BD0666', 'B017', 'Supplier Q', 2024, 420, 'Hiện có', 40),
('BD0667', 'B017', 'Supplier Q', 2025, 260, 'Hiện có', 40),
('BD0668', 'B017', 'Supplier Q', 2023, 310, 'Hiện có', 40),
('BD0669', 'B017', 'Supplier Q', 2024, 360, 'Hiện có', 40),
('BD0670', 'B017', 'Supplier Q', 2025, 410, 'Hiện có', 40),
('BD0671', 'B018', 'Supplier R', 2023, 250, 'Hiện có', 40),
('BD0672', 'B018', 'Supplier R', 2024, 300, 'Hiện có', 40),
('BD0673', 'B018', 'Supplier R', 2025, 350, 'Hiện có', 40),
('BD0674', 'B018', 'Supplier R', 2023, 400, 'Hiện có', 40),
('BD0675', 'B018', 'Supplier R', 2024, 450, 'Hiện có', 40),
('BD0676', 'B018', 'Supplier R', 2025, 220, 'Hiện có', 40),
('BD0677', 'B018', 'Supplier R', 2023, 280, 'Hiện có', 40),
('BD0678', 'B018', 'Supplier R', 2024, 320, 'Hiện có', 40),
('BD0679', 'B018', 'Supplier R', 2025, 360, 'Hiện có', 40),
('BD0680', 'B018', 'Supplier R', 2023, 410, 'Hiện có', 40),
('BD0681', 'B018', 'Supplier R', 2024, 290, 'Hiện có', 40),
('BD0682', 'B018', 'Supplier R', 2025, 330, 'Hiện có', 40),
('BD0683', 'B018', 'Supplier R', 2023, 370, 'Hiện có', 40),
('BD0684', 'B018', 'Supplier R', 2024, 420, 'Hiện có', 40),
('BD0685', 'B018', 'Supplier R', 2025, 260, 'Hiện có', 40),
('BD0686', 'B018', 'Supplier R', 2023, 310, 'Hiện có', 40),
('BD0687', 'B018', 'Supplier R', 2024, 350, 'Hiện có', 40),
('BD0688', 'B018', 'Supplier R', 2025, 400, 'Hiện có', 40),
('BD0689', 'B018', 'Supplier R', 2023, 230, 'Hiện có', 40),
('BD0690', 'B018', 'Supplier R', 2024, 270, 'Hiện có', 40),
('BD0691', 'B018', 'Supplier R', 2025, 310, 'Hiện có', 40),
('BD0692', 'B018', 'Supplier R', 2023, 360, 'Hiện có', 40),
('BD0693', 'B018', 'Supplier R', 2024, 410, 'Hiện có', 40),
('BD0694', 'B018', 'Supplier R', 2025, 290, 'Hiện có', 40),
('BD0695', 'B018', 'Supplier R', 2023, 340, 'Hiện có', 40),
('BD0696', 'B018', 'Supplier R', 2024, 390, 'Hiện có', 40),
('BD0697', 'B018', 'Supplier R', 2025, 250, 'Hiện có', 40),
('BD0698', 'B018', 'Supplier R', 2023, 300, 'Hiện có', 40),
('BD0699', 'B018', 'Supplier R', 2024, 350, 'Hiện có', 40),
('BD0700', 'B018', 'Supplier R', 2025, 400, 'Hiện có', 40),
('BD0701', 'B018', 'Supplier R', 2023, 220, 'Hiện có', 40),
('BD0702', 'B018', 'Supplier R', 2024, 270, 'Hiện có', 40),
('BD0703', 'B018', 'Supplier R', 2025, 320, 'Hiện có', 40),
('BD0704', 'B018', 'Supplier R', 2023, 370, 'Hiện có', 40),
('BD0705', 'B018', 'Supplier R', 2024, 420, 'Hiện có', 40),
('BD0706', 'B018', 'Supplier R', 2025, 260, 'Hiện có', 40),
('BD0707', 'B018', 'Supplier R', 2023, 310, 'Hiện có', 40),
('BD0708', 'B018', 'Supplier R', 2024, 360, 'Hiện có', 40),
('BD0709', 'B018', 'Supplier R', 2025, 410, 'Hiện có', 40),
('BD0710', 'B019', 'Supplier S', 2023, 250, 'Hiện có', 40),
('BD0711', 'B019', 'Supplier S', 2024, 300, 'Hiện có', 40),
('BD0712', 'B019', 'Supplier S', 2025, 350, 'Hiện có', 40),
('BD0713', 'B019', 'Supplier S', 2023, 400, 'Hiện có', 40),
('BD0714', 'B019', 'Supplier S', 2024, 450, 'Hiện có', 40),
('BD0715', 'B019', 'Supplier S', 2025, 220, 'Hiện có', 40),
('BD0716', 'B019', 'Supplier S', 2023, 280, 'Hiện có', 40),
('BD0717', 'B019', 'Supplier S', 2024, 320, 'Hiện có', 40),
('BD0718', 'B019', 'Supplier S', 2025, 360, 'Hiện có', 40),
('BD0719', 'B019', 'Supplier S', 2023, 410, 'Hiện có', 40),
('BD0720', 'B019', 'Supplier S', 2024, 290, 'Hiện có', 40),
('BD0721', 'B019', 'Supplier S', 2025, 330, 'Hiện có', 40),
('BD0722', 'B019', 'Supplier S', 2023, 370, 'Hiện có', 40),
('BD0723', 'B019', 'Supplier S', 2024, 420, 'Hiện có', 40),
('BD0724', 'B019', 'Supplier S', 2025, 260, 'Hiện có', 40),
('BD0725', 'B019', 'Supplier S', 2023, 310, 'Hiện có', 40),
('BD0726', 'B019', 'Supplier S', 2024, 350, 'Hiện có', 40),
('BD0727', 'B019', 'Supplier S', 2025, 400, 'Hiện có', 40),
('BD0728', 'B019', 'Supplier S', 2023, 230, 'Hiện có', 40),
('BD0729', 'B019', 'Supplier S', 2024, 270, 'Hiện có', 40),
('BD0730', 'B019', 'Supplier S', 2025, 310, 'Hiện có', 40),
('BD0731', 'B019', 'Supplier S', 2023, 360, 'Hiện có', 40),
('BD0732', 'B019', 'Supplier S', 2024, 410, 'Hiện có', 40),
('BD0733', 'B019', 'Supplier S', 2025, 290, 'Hiện có', 40),
('BD0734', 'B019', 'Supplier S', 2023, 340, 'Hiện có', 40),
('BD0735', 'B019', 'Supplier S', 2024, 390, 'Hiện có', 40),
('BD0736', 'B019', 'Supplier S', 2025, 250, 'Hiện có', 40),
('BD0737', 'B019', 'Supplier S', 2023, 300, 'Hiện có', 40),
('BD0738', 'B019', 'Supplier S', 2024, 350, 'Hiện có', 40),
('BD0739', 'B019', 'Supplier S', 2025, 400, 'Hiện có', 40),
('BD0740', 'B019', 'Supplier S', 2023, 220, 'Hiện có', 40),
('BD0741', 'B019', 'Supplier S', 2024, 270, 'Hiện có', 40),
('BD0742', 'B019', 'Supplier S', 2025, 320, 'Hiện có', 40),
('BD0743', 'B019', 'Supplier S', 2023, 370, 'Hiện có', 40),
('BD0744', 'B019', 'Supplier S', 2024, 420, 'Hiện có', 40),
('BD0745', 'B019', 'Supplier S', 2025, 260, 'Hiện có', 40),
('BD0746', 'B019', 'Supplier S', 2023, 310, 'Hiện có', 40),
('BD0747', 'B019', 'Supplier S', 2024, 360, 'Hiện có', 40),
('BD0748', 'B019', 'Supplier S', 2025, 410, 'Hiện có', 40),
('BD0749', 'B020', 'Supplier T', 2023, 250, 'Hiện có', 40),
('BD0750', 'B020', 'Supplier T', 2024, 300, 'Hiện có', 40),
('BD0751', 'B020', 'Supplier T', 2025, 350, 'Hiện có', 40),
('BD0752', 'B020', 'Supplier T', 2023, 400, 'Hiện có', 40),
('BD0753', 'B020', 'Supplier T', 2024, 450, 'Hiện có', 40),
('BD0754', 'B020', 'Supplier T', 2025, 220, 'Hiện có', 40),
('BD0755', 'B020', 'Supplier T', 2023, 280, 'Hiện có', 40),
('BD0756', 'B020', 'Supplier T', 2024, 320, 'Hiện có', 40),
('BD0757', 'B020', 'Supplier T', 2025, 360, 'Hiện có', 40),
('BD0758', 'B020', 'Supplier T', 2023, 410, 'Hiện có', 40),
('BD0759', 'B020', 'Supplier T', 2024, 290, 'Hiện có', 40),
('BD0760', 'B020', 'Supplier T', 2025, 330, 'Hiện có', 40),
('BD0761', 'B020', 'Supplier T', 2023, 370, 'Hiện có', 40),
('BD0762', 'B020', 'Supplier T', 2024, 420, 'Hiện có', 40),
('BD0763', 'B020', 'Supplier T', 2025, 260, 'Hiện có', 40),
('BD0764', 'B020', 'Supplier T', 2023, 310, 'Hiện có', 40),
('BD0765', 'B020', 'Supplier T', 2024, 350, 'Hiện có', 40),
('BD0766', 'B020', 'Supplier T', 2025, 400, 'Hiện có', 40),
('BD0767', 'B020', 'Supplier T', 2023, 230, 'Hiện có', 40),
('BD0768', 'B020', 'Supplier T', 2024, 270, 'Hiện có', 40),
('BD0769', 'B020', 'Supplier T', 2025, 310, 'Hiện có', 40),
('BD0770', 'B020', 'Supplier T', 2023, 360, 'Hiện có', 40),
('BD0771', 'B020', 'Supplier T', 2024, 410, 'Hiện có', 40),
('BD0772', 'B020', 'Supplier T', 2025, 290, 'Hiện có', 40),
('BD0773', 'B020', 'Supplier T', 2023, 340, 'Hiện có', 40),
('BD0774', 'B020', 'Supplier T', 2024, 390, 'Hiện có', 40),
('BD0775', 'B020', 'Supplier T', 2025, 250, 'Hiện có', 40),
('BD0776', 'B020', 'Supplier T', 2023, 300, 'Hiện có', 40),
('BD0777', 'B020', 'Supplier T', 2024, 350, 'Hiện có', 40),
('BD0778', 'B020', 'Supplier T', 2025, 400, 'Hiện có', 40),
('BD0779', 'B020', 'Supplier T', 2023, 220, 'Hiện có', 40),
('BD0780', 'B020', 'Supplier T', 2024, 270, 'Hiện có', 40),
('BD0781', 'B020', 'Supplier T', 2025, 320, 'Hiện có', 40),
('BD0782', 'B020', 'Supplier T', 2023, 370, 'Hiện có', 40),
('BD0783', 'B020', 'Supplier T', 2024, 420, 'Hiện có', 40),
('BD0784', 'B020', 'Supplier T', 2025, 260, 'Hiện có', 40),
('BD0785', 'B020', 'Supplier T', 2023, 310, 'Hiện có', 40),
('BD0786', 'B020', 'Supplier T', 2024, 360, 'Hiện có', 40),
('BD0787', 'B020', 'Supplier T', 2025, 410, 'Hiện có', 40),
('BD0788', 'B021', 'Supplier U', 2023, 250, 'Hiện có', 40),
('BD0789', 'B021', 'Supplier U', 2024, 300, 'Hiện có', 40),
('BD0790', 'B021', 'Supplier U', 2025, 350, 'Hiện có', 40),
('BD0791', 'B021', 'Supplier U', 2023, 400, 'Hiện có', 40),
('BD0792', 'B021', 'Supplier U', 2024, 450, 'Hiện có', 40),
('BD0793', 'B021', 'Supplier U', 2025, 220, 'Hiện có', 40),
('BD0794', 'B021', 'Supplier U', 2023, 280, 'Hiện có', 40),
('BD0795', 'B021', 'Supplier U', 2024, 320, 'Hiện có', 40),
('BD0796', 'B021', 'Supplier U', 2025, 360, 'Hiện có', 40),
('BD0797', 'B021', 'Supplier U', 2023, 410, 'Hiện có', 40),
('BD0798', 'B021', 'Supplier U', 2024, 290, 'Hiện có', 40),
('BD0799', 'B021', 'Supplier U', 2025, 330, 'Hiện có', 40),
('BD0800', 'B021', 'Supplier U', 2023, 370, 'Hiện có', 40),
('BD0801', 'B021', 'Supplier U', 2024, 420, 'Hiện có', 40),
('BD0802', 'B021', 'Supplier U', 2025, 260, 'Hiện có', 40),
('BD0803', 'B021', 'Supplier U', 2023, 310, 'Hiện có', 40),
('BD0804', 'B021', 'Supplier U', 2024, 350, 'Hiện có', 40),
('BD0805', 'B021', 'Supplier U', 2025, 400, 'Hiện có', 40),
('BD0806', 'B021', 'Supplier U', 2023, 230, 'Hiện có', 40),
('BD0807', 'B021', 'Supplier U', 2024, 270, 'Hiện có', 40),
('BD0808', 'B021', 'Supplier U', 2025, 310, 'Hiện có', 40),
('BD0809', 'B021', 'Supplier U', 2023, 360, 'Hiện có', 40),
('BD0810', 'B021', 'Supplier U', 2024, 410, 'Hiện có', 40),
('BD0811', 'B021', 'Supplier U', 2025, 290, 'Hiện có', 40),
('BD0812', 'B021', 'Supplier U', 2023, 340, 'Hiện có', 40),
('BD0813', 'B021', 'Supplier U', 2024, 390, 'Hiện có', 40),
('BD0814', 'B021', 'Supplier U', 2025, 250, 'Hiện có', 40),
('BD0815', 'B021', 'Supplier U', 2023, 300, 'Hiện có', 40),
('BD0816', 'B021', 'Supplier U', 2024, 350, 'Hiện có', 40),
('BD0817', 'B021', 'Supplier U', 2025, 400, 'Hiện có', 40),
('BD0818', 'B021', 'Supplier U', 2023, 220, 'Hiện có', 40),
('BD0819', 'B021', 'Supplier U', 2024, 270, 'Hiện có', 40),
('BD0820', 'B021', 'Supplier U', 2025, 320, 'Hiện có', 40),
('BD0821', 'B021', 'Supplier U', 2023, 370, 'Hiện có', 40),
('BD0822', 'B021', 'Supplier U', 2024, 420, 'Hiện có', 40),
('BD0823', 'B021', 'Supplier U', 2025, 260, 'Hiện có', 40),
('BD0824', 'B021', 'Supplier U', 2023, 310, 'Hiện có', 40),
('BD0825', 'B021', 'Supplier U', 2024, 360, 'Hiện có', 40),
('BD0826', 'B021', 'Supplier U', 2025, 410, 'Hiện có', 40),
('BD0827', 'B022', 'Supplier V', 2023, 250, 'Hiện có', 40),
('BD0828', 'B022', 'Supplier V', 2024, 300, 'Hiện có', 40),
('BD0829', 'B022', 'Supplier V', 2025, 350, 'Hiện có', 40),
('BD0830', 'B022', 'Supplier V', 2023, 400, 'Hiện có', 40),
('BD0831', 'B022', 'Supplier V', 2024, 450, 'Hiện có', 40),
('BD0832', 'B022', 'Supplier V', 2025, 220, 'Hiện có', 40),
('BD0833', 'B022', 'Supplier V', 2023, 280, 'Hiện có', 40),
('BD0834', 'B022', 'Supplier V', 2024, 320, 'Hiện có', 40),
('BD0835', 'B022', 'Supplier V', 2025, 360, 'Hiện có', 40),
('BD0836', 'B022', 'Supplier V', 2023, 410, 'Hiện có', 40),
('BD0837', 'B022', 'Supplier V', 2024, 290, 'Hiện có', 40),
('BD0838', 'B022', 'Supplier V', 2025, 330, 'Hiện có', 40),
('BD0839', 'B022', 'Supplier V', 2023, 370, 'Hiện có', 40),
('BD0840', 'B022', 'Supplier V', 2024, 420, 'Hiện có', 40),
('BD0841', 'B022', 'Supplier V', 2025, 260, 'Hiện có', 40),
('BD0842', 'B022', 'Supplier V', 2023, 310, 'Hiện có', 40),
('BD0843', 'B022', 'Supplier V', 2024, 350, 'Hiện có', 40),
('BD0844', 'B022', 'Supplier V', 2025, 400, 'Hiện có', 40),
('BD0845', 'B022', 'Supplier V', 2023, 230, 'Hiện có', 40),
('BD0846', 'B022', 'Supplier V', 2024, 270, 'Hiện có', 40),
('BD0847', 'B022', 'Supplier V', 2025, 310, 'Hiện có', 40),
('BD0848', 'B022', 'Supplier V', 2023, 360, 'Hiện có', 40),
('BD0849', 'B022', 'Supplier V', 2024, 410, 'Hiện có', 40),
('BD0850', 'B022', 'Supplier V', 2025, 290, 'Hiện có', 40),
('BD0851', 'B022', 'Supplier V', 2023, 340, 'Hiện có', 40),
('BD0852', 'B022', 'Supplier V', 2024, 390, 'Hiện có', 40),
('BD0853', 'B022', 'Supplier V', 2025, 250, 'Hiện có', 40),
('BD0854', 'B022', 'Supplier V', 2023, 300, 'Hiện có', 40),
('BD0855', 'B022', 'Supplier V', 2024, 350, 'Hiện có', 40),
('BD0856', 'B022', 'Supplier V', 2025, 400, 'Hiện có', 40),
('BD0857', 'B022', 'Supplier V', 2023, 220, 'Hiện có', 40),
('BD0858', 'B022', 'Supplier V', 2024, 270, 'Hiện có', 40),
('BD0859', 'B022', 'Supplier V', 2025, 320, 'Hiện có', 40),
('BD0860', 'B022', 'Supplier V', 2023, 370, 'Hiện có', 40),
('BD0861', 'B022', 'Supplier V', 2024, 420, 'Hiện có', 40),
('BD0862', 'B022', 'Supplier V', 2025, 260, 'Hiện có', 40),
('BD0863', 'B022', 'Supplier V', 2023, 310, 'Hiện có', 40),
('BD0864', 'B022', 'Supplier V', 2024, 360, 'Hiện có', 40),
('BD0865', 'B022', 'Supplier V', 2025, 410, 'Hiện có', 40),
('BD0866', 'B023', 'Supplier W', 2023, 250, 'Hiện có', 40),
('BD0867', 'B023', 'Supplier W', 2024, 300, 'Hiện có', 40),
('BD0868', 'B023', 'Supplier W', 2025, 350, 'Hiện có', 40),
('BD0869', 'B023', 'Supplier W', 2023, 400, 'Hiện có', 40),
('BD0870', 'B023', 'Supplier W', 2024, 450, 'Hiện có', 40),
('BD0871', 'B023', 'Supplier W', 2025, 220, 'Hiện có', 40),
('BD0872', 'B023', 'Supplier W', 2023, 280, 'Hiện có', 40),
('BD0873', 'B023', 'Supplier W', 2024, 320, 'Hiện có', 40),
('BD0874', 'B023', 'Supplier W', 2025, 360, 'Hiện có', 40),
('BD0875', 'B023', 'Supplier W', 2023, 410, 'Hiện có', 40),
('BD0876', 'B023', 'Supplier W', 2024, 290, 'Hiện có', 40),
('BD0877', 'B023', 'Supplier W', 2025, 330, 'Hiện có', 40),
('BD0878', 'B023', 'Supplier W', 2023, 370, 'Hiện có', 40),
('BD0879', 'B023', 'Supplier W', 2024, 420, 'Hiện có', 40),
('BD0880', 'B023', 'Supplier W', 2025, 260, 'Hiện có', 40),
('BD0881', 'B023', 'Supplier W', 2023, 310, 'Hiện có', 40),
('BD0882', 'B023', 'Supplier W', 2024, 350, 'Hiện có', 40),
('BD0883', 'B023', 'Supplier W', 2025, 400, 'Hiện có', 40),
('BD0884', 'B023', 'Supplier W', 2023, 230, 'Hiện có', 40),
('BD0885', 'B023', 'Supplier W', 2024, 270, 'Hiện có', 40),
('BD0886', 'B023', 'Supplier W', 2025, 310, 'Hiện có', 40),
('BD0887', 'B023', 'Supplier W', 2023, 360, 'Hiện có', 40),
('BD0888', 'B023', 'Supplier W', 2024, 410, 'Hiện có', 40),
('BD0889', 'B023', 'Supplier W', 2025, 290, 'Hiện có', 40),
('BD0890', 'B023', 'Supplier W', 2023, 340, 'Hiện có', 40),
('BD0891', 'B023', 'Supplier W', 2024, 390, 'Hiện có', 40),
('BD0892', 'B023', 'Supplier W', 2025, 250, 'Hiện có', 40),
('BD0893', 'B023', 'Supplier W', 2023, 300, 'Hiện có', 40),
('BD0894', 'B023', 'Supplier W', 2024, 350, 'Hiện có', 40),
('BD0895', 'B023', 'Supplier W', 2025, 400, 'Hiện có', 40),
('BD0896', 'B023', 'Supplier W', 2023, 220, 'Hiện có', 40),
('BD0897', 'B023', 'Supplier W', 2024, 270, 'Hiện có', 40),
('BD0898', 'B023', 'Supplier W', 2025, 320, 'Hiện có', 40),
('BD0899', 'B023', 'Supplier W', 2023, 370, 'Hiện có', 40),
('BD0900', 'B023', 'Supplier W', 2024, 420, 'Hiện có', 40),
('BD0901', 'B023', 'Supplier W', 2025, 260, 'Hiện có', 40),
('BD0902', 'B023', 'Supplier W', 2023, 310, 'Hiện có', 40),
('BD0903', 'B023', 'Supplier W', 2024, 360, 'Hiện có', 40),
('BD0904', 'B023', 'Supplier W', 2025, 410, 'Hiện có', 40),
('BD0905', 'B024', 'Supplier X', 2023, 250, 'Hiện có', 40),
('BD0906', 'B024', 'Supplier X', 2024, 300, 'Hiện có', 40),
('BD0907', 'B024', 'Supplier X', 2025, 350, 'Hiện có', 40),
('BD0908', 'B024', 'Supplier X', 2023, 400, 'Hiện có', 40),
('BD0909', 'B024', 'Supplier X', 2024, 450, 'Hiện có', 40),
('BD0910', 'B024', 'Supplier X', 2025, 220, 'Hiện có', 40),
('BD0911', 'B024', 'Supplier X', 2023, 280, 'Hiện có', 40),
('BD0912', 'B024', 'Supplier X', 2024, 320, 'Hiện có', 40),
('BD0913', 'B024', 'Supplier X', 2025, 360, 'Hiện có', 40),
('BD0914', 'B024', 'Supplier X', 2023, 410, 'Hiện có', 40),
('BD0915', 'B024', 'Supplier X', 2024, 290, 'Hiện có', 40),
('BD0916', 'B024', 'Supplier X', 2025, 330, 'Hiện có', 40),
('BD0917', 'B024', 'Supplier X', 2023, 370, 'Hiện có', 40),
('BD0918', 'B024', 'Supplier X', 2024, 420, 'Hiện có', 40),
('BD0919', 'B024', 'Supplier X', 2025, 260, 'Hiện có', 40),
('BD0920', 'B024', 'Supplier X', 2023, 310, 'Hiện có', 40),
('BD0921', 'B024', 'Supplier X', 2024, 350, 'Hiện có', 40),
('BD0922', 'B024', 'Supplier X', 2025, 400, 'Hiện có', 40),
('BD0923', 'B024', 'Supplier X', 2023, 230, 'Hiện có', 40),
('BD0924', 'B024', 'Supplier X', 2024, 270, 'Hiện có', 40),
('BD0925', 'B024', 'Supplier X', 2025, 310, 'Hiện có', 40),
('BD0926', 'B024', 'Supplier X', 2023, 360, 'Hiện có', 40),
('BD0927', 'B024', 'Supplier X', 2024, 410, 'Hiện có', 40),
('BD0928', 'B024', 'Supplier X', 2025, 290, 'Hiện có', 40),
('BD0929', 'B024', 'Supplier X', 2023, 340, 'Hiện có', 40),
('BD0930', 'B024', 'Supplier X', 2024, 390, 'Hiện có', 40),
('BD0931', 'B024', 'Supplier X', 2025, 250, 'Hiện có', 40),
('BD0932', 'B024', 'Supplier X', 2023, 300, 'Hiện có', 40),
('BD0933', 'B024', 'Supplier X', 2024, 350, 'Hiện có', 40),
('BD0934', 'B024', 'Supplier X', 2025, 400, 'Hiện có', 40),
('BD0935', 'B024', 'Supplier X', 2023, 220, 'Hiện có', 40),
('BD0936', 'B024', 'Supplier X', 2024, 270, 'Hiện có', 40),
('BD0937', 'B024', 'Supplier X', 2025, 320, 'Hiện có', 40),
('BD0938', 'B024', 'Supplier X', 2023, 370, 'Hiện có', 40),
('BD0939', 'B024', 'Supplier X', 2024, 420, 'Hiện có', 40),
('BD0940', 'B024', 'Supplier X', 2025, 260, 'Hiện có', 40),
('BD0941', 'B024', 'Supplier X', 2023, 310, 'Hiện có', 40),
('BD0942', 'B024', 'Supplier X', 2024, 360, 'Hiện có', 40),
('BD0943', 'B024', 'Supplier X', 2025, 410, 'Hiện có', 40),
('BD0944', 'B025', 'Supplier Y', 2023, 250, 'Hiện có', 40),
('BD0945', 'B025', 'Supplier Y', 2024, 300, 'Hiện có', 40),
('BD0946', 'B025', 'Supplier Y', 2025, 350, 'Hiện có', 40),
('BD0947', 'B025', 'Supplier Y', 2023, 400, 'Hiện có', 40),
('BD0948', 'B025', 'Supplier Y', 2024, 450, 'Hiện có', 40),
('BD0949', 'B025', 'Supplier Y', 2025, 220, 'Hiện có', 40),
('BD0950', 'B025', 'Supplier Y', 2023, 280, 'Hiện có', 40),
('BD0951', 'B025', 'Supplier Y', 2024, 320, 'Hiện có', 40),
('BD0952', 'B025', 'Supplier Y', 2025, 360, 'Hiện có', 40),
('BD0953', 'B025', 'Supplier Y', 2023, 410, 'Hiện có', 40),
('BD0954', 'B025', 'Supplier Y', 2024, 290, 'Hiện có', 40),
('BD0955', 'B025', 'Supplier Y', 2025, 330, 'Hiện có', 40),
('BD0956', 'B025', 'Supplier Y', 2023, 370, 'Hiện có', 40),
('BD0957', 'B025', 'Supplier Y', 2024, 420, 'Hiện có', 40),
('BD0958', 'B025', 'Supplier Y', 2025, 260, 'Hiện có', 40),
('BD0959', 'B025', 'Supplier Y', 2023, 310, 'Hiện có', 40),
('BD0960', 'B025', 'Supplier Y', 2024, 350, 'Hiện có', 40),
('BD0961', 'B025', 'Supplier Y', 2025, 400, 'Hiện có', 40),
('BD0962', 'B025', 'Supplier Y', 2023, 230, 'Hiện có', 40),
('BD0963', 'B025', 'Supplier Y', 2024, 270, 'Hiện có', 40),
('BD0964', 'B025', 'Supplier Y', 2025, 310, 'Hiện có', 40),
('BD0965', 'B025', 'Supplier Y', 2023, 360, 'Hiện có', 40),
('BD0966', 'B025', 'Supplier Y', 2024, 410, 'Hiện có', 40),
('BD0967', 'B025', 'Supplier Y', 2025, 290, 'Hiện có', 40),
('BD0968', 'B025', 'Supplier Y', 2023, 340, 'Hiện có', 40),
('BD0969', 'B025', 'Supplier Y', 2024, 390, 'Hiện có', 40),
('BD0970', 'B025', 'Supplier Y', 2025, 250, 'Hiện có', 40),
('BD0971', 'B025', 'Supplier Y', 2023, 300, 'Hiện có', 40),
('BD0972', 'B025', 'Supplier Y', 2024, 350, 'Hiện có', 40),
('BD0973', 'B025', 'Supplier Y', 2025, 400, 'Hiện có', 40),
('BD0974', 'B025', 'Supplier Y', 2023, 220, 'Hiện có', 40),
('BD0975', 'B025', 'Supplier Y', 2024, 270, 'Hiện có', 40),
('BD0976', 'B025', 'Supplier Y', 2025, 320, 'Hiện có', 40),
('BD0977', 'B025', 'Supplier Y', 2023, 370, 'Hiện có', 40),
('BD0978', 'B025', 'Supplier Y', 2024, 420, 'Hiện có', 40),
('BD0979', 'B025', 'Supplier Y', 2025, 260, 'Hiện có', 40),
('BD0980', 'B025', 'Supplier Y', 2023, 310, 'Hiện có', 40),
('BD0981', 'B025', 'Supplier Y', 2024, 360, 'Hiện có', 40),
('BD0982', 'B025', 'Supplier Y', 2025, 410, 'Hiện có', 40),
('BD0983', 'B026', 'Supplier Z', 2023, 250, 'Hiện có', 40),
('BD0984', 'B026', 'Supplier Z', 2024, 300, 'Hiện có', 40),
('BD0985', 'B026', 'Supplier Z', 2025, 350, 'Hiện có', 40),
('BD0986', 'B026', 'Supplier Z', 2023, 400, 'Hiện có', 40),
('BD0987', 'B026', 'Supplier Z', 2024, 450, 'Hiện có', 40),
('BD0988', 'B026', 'Supplier Z', 2025, 220, 'Hiện có', 40),
('BD0989', 'B026', 'Supplier Z', 2023, 280, 'Hiện có', 40),
('BD0990', 'B026', 'Supplier Z', 2024, 320, 'Hiện có', 40),
('BD0991', 'B026', 'Supplier Z', 2025, 360, 'Hiện có', 40),
('BD0992', 'B026', 'Supplier Z', 2023, 410, 'Hiện có', 40),
('BD0993', 'B026', 'Supplier Z', 2024, 290, 'Hiện có', 40),
('BD0994', 'B026', 'Supplier Z', 2025, 330, 'Hiện có', 40),
('BD0995', 'B026', 'Supplier Z', 2023, 370, 'Hiện có', 40),
('BD0996', 'B026', 'Supplier Z', 2024, 420, 'Hiện có', 40),
('BD0997', 'B026', 'Supplier Z', 2025, 260, 'Hiện có', 40),
('BD0998', 'B026', 'Supplier Z', 2023, 310, 'Hiện có', 40),
('BD0999', 'B026', 'Supplier Z', 2024, 350, 'Hiện có', 40),
('BD1000', 'B026', 'Supplier Z', 2025, 400, 'Hiện có', 40),
('BD1001', 'B026', 'Supplier Z', 2023, 230, 'Hiện có', 40),
('BD1002', 'B026', 'Supplier Z', 2024, 270, 'Hiện có', 40),
('BD1003', 'B026', 'Supplier Z', 2025, 310, 'Hiện có', 40),
('BD1004', 'B026', 'Supplier Z', 2023, 360, 'Hiện có', 40),
('BD1005', 'B026', 'Supplier Z', 2024, 410, 'Hiện có', 40),
('BD1006', 'B026', 'Supplier Z', 2025, 290, 'Hiện có', 40),
('BD1007', 'B026', 'Supplier Z', 2023, 340, 'Hiện có', 40),
('BD1008', 'B026', 'Supplier Z', 2024, 390, 'Hiện có', 40),
('BD1009', 'B026', 'Supplier Z', 2025, 250, 'Hiện có', 40),
('BD1010', 'B026', 'Supplier Z', 2023, 300, 'Hiện có', 40),
('BD1011', 'B026', 'Supplier Z', 2024, 350, 'Hiện có', 40),
('BD1012', 'B026', 'Supplier Z', 2025, 400, 'Hiện có', 40),
('BD1013', 'B026', 'Supplier Z', 2023, 220, 'Hiện có', 40),
('BD1014', 'B026', 'Supplier Z', 2024, 270, 'Hiện có', 40),
('BD1015', 'B026', 'Supplier Z', 2025, 320, 'Hiện có', 40),
('BD1016', 'B026', 'Supplier Z', 2023, 370, 'Hiện có', 40),
('BD1017', 'B026', 'Supplier Z', 2024, 420, 'Hiện có', 40),
('BD1018', 'B026', 'Supplier Z', 2025, 260, 'Hiện có', 40),
('BD1019', 'B026', 'Supplier Z', 2023, 310, 'Hiện có', 40),
('BD1020', 'B026', 'Supplier Z', 2024, 360, 'Hiện có', 40),
('BD1021', 'B026', 'Supplier Z', 2025, 410, 'Hiện có', 40),
('BD1022', 'B027', 'Supplier AA', 2023, 250, 'Hiện có', 40),
('BD1023', 'B027', 'Supplier AA', 2024, 300, 'Hiện có', 40),
('BD1024', 'B027', 'Supplier AA', 2025, 350, 'Hiện có', 40),
('BD1025', 'B027', 'Supplier AA', 2023, 400, 'Hiện có', 40),
('BD1026', 'B027', 'Supplier AA', 2024, 450, 'Hiện có', 40),
('BD1027', 'B027', 'Supplier AA', 2025, 220, 'Hiện có', 40),
('BD1028', 'B027', 'Supplier AA', 2023, 280, 'Hiện có', 40),
('BD1029', 'B027', 'Supplier AA', 2024, 320, 'Hiện có', 40),
('BD1030', 'B027', 'Supplier AA', 2025, 360, 'Hiện có', 40),
('BD1031', 'B027', 'Supplier AA', 2023, 410, 'Hiện có', 40),
('BD1032', 'B027', 'Supplier AA', 2024, 290, 'Hiện có', 40),
('BD1033', 'B027', 'Supplier AA', 2025, 330, 'Hiện có', 40),
('BD1034', 'B027', 'Supplier AA', 2023, 370, 'Hiện có', 40),
('BD1035', 'B027', 'Supplier AA', 2024, 420, 'Hiện có', 40),
('BD1036', 'B027', 'Supplier AA', 2025, 260, 'Hiện có', 40),
('BD1037', 'B027', 'Supplier AA', 2023, 310, 'Hiện có', 40),
('BD1038', 'B027', 'Supplier AA', 2024, 350, 'Hiện có', 40),
('BD1039', 'B027', 'Supplier AA', 2025, 400, 'Hiện có', 40),
('BD1040', 'B027', 'Supplier AA', 2023, 230, 'Hiện có', 40),
('BD1041', 'B027', 'Supplier AA', 2024, 270, 'Hiện có', 40),
('BD1042', 'B027', 'Supplier AA', 2025, 310, 'Hiện có', 40),
('BD1043', 'B027', 'Supplier AA', 2023, 360, 'Hiện có', 40),
('BD1044', 'B027', 'Supplier AA', 2024, 410, 'Hiện có', 40),
('BD1045', 'B027', 'Supplier AA', 2025, 290, 'Hiện có', 40),
('BD1046', 'B027', 'Supplier AA', 2023, 340, 'Hiện có', 40),
('BD1047', 'B027', 'Supplier AA', 2024, 390, 'Hiện có', 40),
('BD1048', 'B027', 'Supplier AA', 2025, 250, 'Hiện có', 40),
('BD1049', 'B027', 'Supplier AA', 2023, 300, 'Hiện có', 40),
('BD1050', 'B027', 'Supplier AA', 2024, 350, 'Hiện có', 40),
('BD1051', 'B027', 'Supplier AA', 2025, 400, 'Hiện có', 40),
('BD1052', 'B027', 'Supplier AA', 2023, 220, 'Hiện có', 40),
('BD1053', 'B027', 'Supplier AA', 2024, 270, 'Hiện có', 40),
('BD1054', 'B027', 'Supplier AA', 2025, 320, 'Hiện có', 40),
('BD1055', 'B027', 'Supplier AA', 2023, 370, 'Hiện có', 40),
('BD1056', 'B027', 'Supplier AA', 2024, 420, 'Hiện có', 40),
('BD1057', 'B027', 'Supplier AA', 2025, 260, 'Hiện có', 40),
('BD1058', 'B027', 'Supplier AA', 2023, 310, 'Hiện có', 40),
('BD1059', 'B027', 'Supplier AA', 2024, 360, 'Hiện có', 40),
('BD1060', 'B027', 'Supplier AA', 2025, 410, 'Hiện có', 40),
('BD1061', 'B028', 'Supplier BB', 2023, 250, 'Hiện có', 40),
('BD1062', 'B028', 'Supplier BB', 2024, 300, 'Hiện có', 40),
('BD1063', 'B028', 'Supplier BB', 2025, 350, 'Hiện có', 40),
('BD1064', 'B028', 'Supplier BB', 2023, 400, 'Hiện có', 40),
('BD1065', 'B028', 'Supplier BB', 2024, 450, 'Hiện có', 40),
('BD1066', 'B028', 'Supplier BB', 2025, 220, 'Hiện có', 40),
('BD1067', 'B028', 'Supplier BB', 2023, 280, 'Hiện có', 40),
('BD1068', 'B028', 'Supplier BB', 2024, 320, 'Hiện có', 40),
('BD1069', 'B028', 'Supplier BB', 2025, 360, 'Hiện có', 40),
('BD1070', 'B028', 'Supplier BB', 2023, 410, 'Hiện có', 40),
('BD1071', 'B028', 'Supplier BB', 2024, 290, 'Hiện có', 40),
('BD1072', 'B028', 'Supplier BB', 2025, 330, 'Hiện có', 40),
('BD1073', 'B028', 'Supplier BB', 2023, 370, 'Hiện có', 40),
('BD1074', 'B028', 'Supplier BB', 2024, 420, 'Hiện có', 40),
('BD1075', 'B028', 'Supplier BB', 2025, 260, 'Hiện có', 40),
('BD1076', 'B028', 'Supplier BB', 2023, 310, 'Hiện có', 40),
('BD1077', 'B028', 'Supplier BB', 2024, 350, 'Hiện có', 40),
('BD1078', 'B028', 'Supplier BB', 2025, 400, 'Hiện có', 40),
('BD1079', 'B028', 'Supplier BB', 2023, 230, 'Hiện có', 40),
('BD1080', 'B028', 'Supplier BB', 2024, 270, 'Hiện có', 40),
('BD1081', 'B028', 'Supplier BB', 2025, 310, 'Hiện có', 40),
('BD1082', 'B028', 'Supplier BB', 2023, 360, 'Hiện có', 40),
('BD1083', 'B028', 'Supplier BB', 2024, 410, 'Hiện có', 40),
('BD1084', 'B028', 'Supplier BB', 2025, 290, 'Hiện có', 40),
('BD1085', 'B028', 'Supplier BB', 2023, 340, 'Hiện có', 40),
('BD1086', 'B028', 'Supplier BB', 2024, 390, 'Hiện có', 40),
('BD1087', 'B028', 'Supplier BB', 2025, 250, 'Hiện có', 40),
('BD1088', 'B028', 'Supplier BB', 2023, 300, 'Hiện có', 40),
('BD1089', 'B028', 'Supplier BB', 2024, 350, 'Hiện có', 40),
('BD1090', 'B028', 'Supplier BB', 2025, 400, 'Hiện có', 40),
('BD1091', 'B028', 'Supplier BB', 2023, 220, 'Hiện có', 40),
('BD1092', 'B028', 'Supplier BB', 2024, 270, 'Hiện có', 40),
('BD1093', 'B028', 'Supplier BB', 2025, 320, 'Hiện có', 40),
('BD1094', 'B028', 'Supplier BB', 2023, 370, 'Hiện có', 40),
('BD1095', 'B028', 'Supplier BB', 2024, 420, 'Hiện có', 40),
('BD1096', 'B028', 'Supplier BB', 2025, 260, 'Hiện có', 40),
('BD1097', 'B028', 'Supplier BB', 2023, 310, 'Hiện có', 40),
('BD1098', 'B028', 'Supplier BB', 2024, 360, 'Hiện có', 40),
('BD1099', 'B028', 'Supplier BB', 2025, 410, 'Hiện có', 40),
('BD1100', 'B029', 'Supplier CC', 2023, 250, 'Hiện có', 40),
('BD1101', 'B029', 'Supplier CC', 2024, 300, 'Hiện có', 40),
('BD1102', 'B029', 'Supplier CC', 2025, 350, 'Hiện có', 40),
('BD1103', 'B029', 'Supplier CC', 2023, 400, 'Hiện có', 40),
('BD1104', 'B029', 'Supplier CC', 2024, 450, 'Hiện có', 40),
('BD1105', 'B029', 'Supplier CC', 2025, 220, 'Hiện có', 40),
('BD1106', 'B029', 'Supplier CC', 2023, 280, 'Hiện có', 40),
('BD1107', 'B029', 'Supplier CC', 2024, 320, 'Hiện có', 40),
('BD1108', 'B029', 'Supplier CC', 2025, 360, 'Hiện có', 40),
('BD1109', 'B029', 'Supplier CC', 2023, 410, 'Hiện có', 40),
('BD1110', 'B029', 'Supplier CC', 2024, 290, 'Hiện có', 40),
('BD1111', 'B029', 'Supplier CC', 2025, 330, 'Hiện có', 40),
('BD1112', 'B029', 'Supplier CC', 2023, 370, 'Hiện có', 40),
('BD1113', 'B029', 'Supplier CC', 2024, 420, 'Hiện có', 40),
('BD1114', 'B029', 'Supplier CC', 2025, 260, 'Hiện có', 40),
('BD1115', 'B029', 'Supplier CC', 2023, 310, 'Hiện có', 40),
('BD1116', 'B029', 'Supplier CC', 2024, 350, 'Hiện có', 40),
('BD1117', 'B029', 'Supplier CC', 2025, 400, 'Hiện có', 40),
('BD1118', 'B029', 'Supplier CC', 2023, 230, 'Hiện có', 40),
('BD1119', 'B029', 'Supplier CC', 2024, 270, 'Hiện có', 40),
('BD1120', 'B029', 'Supplier CC', 2025, 310, 'Hiện có', 40),
('BD1121', 'B029', 'Supplier CC', 2023, 360, 'Hiện có', 40),
('BD1122', 'B029', 'Supplier CC', 2024, 410, 'Hiện có', 40),
('BD1123', 'B029', 'Supplier CC', 2025, 290, 'Hiện có', 40),
('BD1124', 'B029', 'Supplier CC', 2023, 340, 'Hiện có', 40),
('BD1125', 'B029', 'Supplier CC', 2024, 390, 'Hiện có', 40),
('BD1126', 'B029', 'Supplier CC', 2025, 250, 'Hiện có', 40),
('BD1127', 'B029', 'Supplier CC', 2023, 300, 'Hiện có', 40),
('BD1128', 'B029', 'Supplier CC', 2024, 350, 'Hiện có', 40),
('BD1129', 'B029', 'Supplier CC', 2025, 400, 'Hiện có', 40),
('BD1130', 'B029', 'Supplier CC', 2023, 220, 'Hiện có', 40),
('BD1131', 'B029', 'Supplier CC', 2024, 270, 'Hiện có', 40),
('BD1132', 'B029', 'Supplier CC', 2025, 320, 'Hiện có', 40),
('BD1133', 'B029', 'Supplier CC', 2023, 370, 'Hiện có', 40),
('BD1134', 'B029', 'Supplier CC', 2024, 420, 'Hiện có', 40),
('BD1135', 'B029', 'Supplier CC', 2025, 260, 'Hiện có', 40),
('BD1136', 'B029', 'Supplier CC', 2023, 310, 'Hiện có', 40),
('BD1137', 'B029', 'Supplier CC', 2024, 360, 'Hiện có', 40),
('BD1138', 'B029', 'Supplier CC', 2025, 410, 'Hiện có', 40),
('BD1139', 'B030', 'Supplier DD', 2023, 250, 'Hiện có', 40),
('BD1140', 'B030', 'Supplier DD', 2024, 300, 'Hiện có', 40),
('BD1141', 'B030', 'Supplier DD', 2025, 350, 'Hiện có', 40),
('BD1142', 'B030', 'Supplier DD', 2023, 400, 'Hiện có', 40),
('BD1143', 'B030', 'Supplier DD', 2024, 450, 'Hiện có', 40),
('BD1144', 'B030', 'Supplier DD', 2025, 220, 'Hiện có', 40),
('BD1145', 'B030', 'Supplier DD', 2023, 280, 'Hiện có', 40),
('BD1146', 'B030', 'Supplier DD', 2024, 320, 'Hiện có', 40),
('BD1147', 'B030', 'Supplier DD', 2025, 360, 'Hiện có', 40),
('BD1148', 'B030', 'Supplier DD', 2023, 410, 'Hiện có', 40),
('BD1149', 'B030', 'Supplier DD', 2024, 290, 'Hiện có', 40),
('BD1150', 'B030', 'Supplier DD', 2025, 330, 'Hiện có', 40),
('BD1151', 'B030', 'Supplier DD', 2023, 370, 'Hiện có', 40),
('BD1152', 'B030', 'Supplier DD', 2024, 420, 'Hiện có', 40),
('BD1153', 'B030', 'Supplier DD', 2025, 260, 'Hiện có', 40),
('BD1154', 'B030', 'Supplier DD', 2023, 310, 'Hiện có', 40),
('BD1155', 'B030', 'Supplier DD', 2024, 350, 'Hiện có', 40),
('BD1156', 'B030', 'Supplier DD', 2025, 400, 'Hiện có', 40),
('BD1157', 'B030', 'Supplier DD', 2023, 230, 'Hiện có', 40),
('BD1158', 'B030', 'Supplier DD', 2024, 270, 'Hiện có', 40),
('BD1159', 'B030', 'Supplier DD', 2025, 310, 'Hiện có', 40),
('BD1160', 'B030', 'Supplier DD', 2023, 360, 'Hiện có', 40),
('BD1161', 'B030', 'Supplier DD', 2024, 410, 'Hiện có', 40),
('BD1162', 'B030', 'Supplier DD', 2025, 290, 'Hiện có', 40),
('BD1163', 'B030', 'Supplier DD', 2023, 340, 'Hiện có', 40),
('BD1164', 'B030', 'Supplier DD', 2024, 390, 'Hiện có', 40),
('BD1165', 'B030', 'Supplier DD', 2025, 250, 'Hiện có', 40),
('BD1166', 'B030', 'Supplier DD', 2023, 300, 'Hiện có', 40),
('BD1167', 'B030', 'Supplier DD', 2024, 350, 'Hiện có', 40),
('BD1168', 'B030', 'Supplier DD', 2025, 400, 'Hiện có', 40),
('BD1169', 'B030', 'Supplier DD', 2023, 220, 'Hiện có', 40),
('BD1170', 'B030', 'Supplier DD', 2024, 270, 'Hiện có', 40),
('BD1171', 'B030', 'Supplier DD', 2025, 320, 'Hiện có', 40),
('BD1172', 'B030', 'Supplier DD', 2023, 370, 'Hiện có', 40),
('BD1173', 'B030', 'Supplier DD', 2024, 420, 'Hiện có', 40),
('BD1174', 'B030', 'Supplier DD', 2025, 260, 'Hiện có', 40),
('BD1175', 'B030', 'Supplier DD', 2023, 310, 'Hiện có', 40),
('BD1176', 'B030', 'Supplier DD', 2024, 360, 'Hiện có', 40),
('BD1177', 'B030', 'Supplier DD', 2025, 410, 'Hiện có', 40),
('BD1178', 'B031', 'Supplier EE', 2023, 250, 'Hiện có', 40),
('BD1179', 'B031', 'Supplier EE', 2024, 300, 'Hiện có', 40),
('BD1180', 'B031', 'Supplier EE', 2025, 350, 'Hiện có', 40),
('BD1181', 'B031', 'Supplier EE', 2023, 400, 'Hiện có', 40),
('BD1182', 'B031', 'Supplier EE', 2024, 450, 'Hiện có', 40),
('BD1183', 'B031', 'Supplier EE', 2025, 220, 'Hiện có', 40),
('BD1184', 'B031', 'Supplier EE', 2023, 280, 'Hiện có', 40),
('BD1185', 'B031', 'Supplier EE', 2024, 320, 'Hiện có', 40),
('BD1186', 'B031', 'Supplier EE', 2025, 360, 'Hiện có', 40),
('BD1187', 'B031', 'Supplier EE', 2023, 410, 'Hiện có', 40),
('BD1188', 'B031', 'Supplier EE', 2024, 290, 'Hiện có', 40),
('BD1189', 'B031', 'Supplier EE', 2025, 330, 'Hiện có', 40),
('BD1190', 'B031', 'Supplier EE', 2023, 370, 'Hiện có', 40),
('BD1191', 'B031', 'Supplier EE', 2024, 420, 'Hiện có', 40),
('BD1192', 'B031', 'Supplier EE', 2025, 260, 'Hiện có', 40),
('BD1193', 'B031', 'Supplier EE', 2023, 310, 'Hiện có', 40),
('BD1194', 'B031', 'Supplier EE', 2024, 350, 'Hiện có', 40),
('BD1195', 'B031', 'Supplier EE', 2025, 400, 'Hiện có', 40),
('BD1196', 'B031', 'Supplier EE', 2023, 230, 'Hiện có', 40),
('BD1197', 'B031', 'Supplier EE', 2024, 270, 'Hiện có', 40),
('BD1198', 'B031', 'Supplier EE', 2025, 310, 'Hiện có', 40),
('BD1199', 'B031', 'Supplier EE', 2023, 360, 'Hiện có', 40),
('BD1200', 'B031', 'Supplier EE', 2024, 410, 'Hiện có', 40),
('BD1201', 'B031', 'Supplier EE', 2025, 290, 'Hiện có', 40),
('BD1202', 'B031', 'Supplier EE', 2023, 340, 'Hiện có', 40),
('BD1203', 'B031', 'Supplier EE', 2024, 390, 'Hiện có', 40),
('BD1204', 'B031', 'Supplier EE', 2025, 250, 'Hiện có', 40),
('BD1205', 'B031', 'Supplier EE', 2023, 300, 'Hiện có', 40),
('BD1206', 'B031', 'Supplier EE', 2024, 350, 'Hiện có', 40),
('BD1207', 'B031', 'Supplier EE', 2025, 400, 'Hiện có', 40),
('BD1208', 'B031', 'Supplier EE', 2023, 220, 'Hiện có', 40),
('BD1209', 'B031', 'Supplier EE', 2024, 270, 'Hiện có', 40),
('BD1210', 'B031', 'Supplier EE', 2025, 320, 'Hiện có', 40),
('BD1211', 'B031', 'Supplier EE', 2023, 370, 'Hiện có', 40),
('BD1212', 'B031', 'Supplier EE', 2024, 420, 'Hiện có', 40),
('BD1213', 'B031', 'Supplier EE', 2025, 260, 'Hiện có', 40),
('BD1214', 'B031', 'Supplier EE', 2023, 310, 'Hiện có', 40),
('BD1215', 'B031', 'Supplier EE', 2024, 360, 'Hiện có', 40),
('BD1216', 'B031', 'Supplier EE', 2025, 410, 'Hiện có', 40),
('BD1217', 'B032', 'Supplier FF', 2023, 250, 'Hiện có', 40),
('BD1218', 'B032', 'Supplier FF', 2024, 300, 'Hiện có', 40),
('BD1219', 'B032', 'Supplier FF', 2025, 350, 'Hiện có', 40),
('BD1220', 'B032', 'Supplier FF', 2023, 400, 'Hiện có', 40),
('BD1221', 'B032', 'Supplier FF', 2024, 450, 'Hiện có', 40),
('BD1222', 'B032', 'Supplier FF', 2025, 220, 'Hiện có', 40),
('BD1223', 'B032', 'Supplier FF', 2023, 280, 'Hiện có', 40),
('BD1224', 'B032', 'Supplier FF', 2024, 320, 'Hiện có', 40),
('BD1225', 'B032', 'Supplier FF', 2025, 360, 'Hiện có', 40),
('BD1226', 'B032', 'Supplier FF', 2023, 410, 'Hiện có', 40),
('BD1227', 'B032', 'Supplier FF', 2024, 290, 'Hiện có', 40),
('BD1228', 'B032', 'Supplier FF', 2025, 330, 'Hiện có', 40),
('BD1229', 'B032', 'Supplier FF', 2023, 370, 'Hiện có', 40),
('BD1230', 'B032', 'Supplier FF', 2024, 420, 'Hiện có', 40),
('BD1231', 'B032', 'Supplier FF', 2025, 260, 'Hiện có', 40),
('BD1232', 'B032', 'Supplier FF', 2023, 310, 'Hiện có', 40),
('BD1233', 'B032', 'Supplier FF', 2024, 350, 'Hiện có', 40),
('BD1234', 'B032', 'Supplier FF', 2025, 400, 'Hiện có', 40),
('BD1235', 'B032', 'Supplier FF', 2023, 230, 'Hiện có', 40),
('BD1236', 'B032', 'Supplier FF', 2024, 270, 'Hiện có', 40),
('BD1237', 'B032', 'Supplier FF', 2025, 310, 'Hiện có', 40),
('BD1238', 'B032', 'Supplier FF', 2023, 360, 'Hiện có', 40),
('BD1239', 'B032', 'Supplier FF', 2024, 410, 'Hiện có', 40),
('BD1240', 'B032', 'Supplier FF', 2025, 290, 'Hiện có', 40),
('BD1241', 'B032', 'Supplier FF', 2023, 340, 'Hiện có', 40),
('BD1242', 'B032', 'Supplier FF', 2024, 390, 'Hiện có', 40),
('BD1243', 'B032', 'Supplier FF', 2025, 250, 'Hiện có', 40),
('BD1244', 'B032', 'Supplier FF', 2023, 300, 'Hiện có', 40),
('BD1245', 'B032', 'Supplier FF', 2024, 350, 'Hiện có', 40),
('BD1246', 'B032', 'Supplier FF', 2025, 400, 'Hiện có', 40),
('BD1247', 'B032', 'Supplier FF', 2023, 220, 'Hiện có', 40),
('BD1248', 'B032', 'Supplier FF', 2024, 270, 'Hiện có', 40),
('BD1249', 'B032', 'Supplier FF', 2025, 320, 'Hiện có', 40),
('BD1250', 'B032', 'Supplier FF', 2023, 370, 'Hiện có', 40),
('BD1251', 'B032', 'Supplier FF', 2024, 420, 'Hiện có', 40),
('BD1252', 'B032', 'Supplier FF', 2025, 260, 'Hiện có', 40),
('BD1253', 'B032', 'Supplier FF', 2023, 310, 'Hiện có', 40),
('BD1254', 'B032', 'Supplier FF', 2024, 360, 'Hiện có', 40),
('BD1255', 'B032', 'Supplier FF', 2025, 410, 'Hiện có', 40),
('BD1256', 'B033', 'Supplier GG', 2023, 250, 'Hiện có', 40),
('BD1257', 'B033', 'Supplier GG', 2024, 300, 'Hiện có', 40),
('BD1258', 'B033', 'Supplier GG', 2025, 350, 'Hiện có', 40),
('BD1259', 'B033', 'Supplier GG', 2023, 400, 'Hiện có', 40),
('BD1260', 'B033', 'Supplier GG', 2024, 450, 'Hiện có', 40),
('BD1261', 'B033', 'Supplier GG', 2025, 220, 'Hiện có', 40),
('BD1262', 'B033', 'Supplier GG', 2023, 280, 'Hiện có', 40),
('BD1263', 'B033', 'Supplier GG', 2024, 320, 'Hiện có', 40),
('BD1264', 'B033', 'Supplier GG', 2025, 360, 'Hiện có', 40),
('BD1265', 'B033', 'Supplier GG', 2023, 410, 'Hiện có', 40),
('BD1266', 'B033', 'Supplier GG', 2024, 290, 'Hiện có', 40),
('BD1267', 'B033', 'Supplier GG', 2025, 330, 'Hiện có', 40),
('BD1268', 'B033', 'Supplier GG', 2023, 370, 'Hiện có', 40),
('BD1269', 'B033', 'Supplier GG', 2024, 420, 'Hiện có', 40),
('BD1270', 'B033', 'Supplier GG', 2025, 260, 'Hiện có', 40),
('BD1271', 'B033', 'Supplier GG', 2023, 310, 'Hiện có', 40),
('BD1272', 'B033', 'Supplier GG', 2024, 350, 'Hiện có', 40),
('BD1273', 'B033', 'Supplier GG', 2025, 400, 'Hiện có', 40),
('BD1274', 'B033', 'Supplier GG', 2023, 230, 'Hiện có', 40),
('BD1275', 'B033', 'Supplier GG', 2024, 270, 'Hiện có', 40),
('BD1276', 'B033', 'Supplier GG', 2025, 310, 'Hiện có', 40),
('BD1277', 'B033', 'Supplier GG', 2023, 360, 'Hiện có', 40),
('BD1278', 'B033', 'Supplier GG', 2024, 410, 'Hiện có', 40),
('BD1279', 'B033', 'Supplier GG', 2025, 290, 'Hiện có', 40),
('BD1280', 'B033', 'Supplier GG', 2023, 340, 'Hiện có', 40),
('BD1281', 'B033', 'Supplier GG', 2024, 390, 'Hiện có', 40),
('BD1282', 'B033', 'Supplier GG', 2025, 250, 'Hiện có', 40),
('BD1283', 'B033', 'Supplier GG', 2023, 300, 'Hiện có', 40),
('BD1284', 'B033', 'Supplier GG', 2024, 350, 'Hiện có', 40),
('BD1285', 'B033', 'Supplier GG', 2025, 400, 'Hiện có', 40),
('BD1286', 'B033', 'Supplier GG', 2023, 220, 'Hiện có', 40),
('BD1287', 'B033', 'Supplier GG', 2024, 270, 'Hiện có', 40),
('BD1288', 'B033', 'Supplier GG', 2025, 320, 'Hiện có', 40),
('BD1289', 'B033', 'Supplier GG', 2023, 370, 'Hiện có', 40),
('BD1290', 'B033', 'Supplier GG', 2024, 420, 'Hiện có', 40),
('BD1291', 'B033', 'Supplier GG', 2025, 260, 'Hiện có', 40),
('BD1292', 'B033', 'Supplier GG', 2023, 310, 'Hiện có', 40),
('BD1293', 'B033', 'Supplier GG', 2024, 360, 'Hiện có', 40),
('BD1294', 'B033', 'Supplier GG', 2025, 410, 'Hiện có', 40),
('BD1295', 'B034', 'Supplier HH', 2023, 250, 'Hiện có', 40),
('BD1296', 'B034', 'Supplier HH', 2024, 300, 'Hiện có', 40),
('BD1297', 'B034', 'Supplier HH', 2025, 350, 'Hiện có', 40),
('BD1298', 'B034', 'Supplier HH', 2023, 400, 'Hiện có', 40),
('BD1299', 'B034', 'Supplier HH', 2024, 450, 'Hiện có', 40),
('BD1300', 'B034', 'Supplier HH', 2025, 220, 'Hiện có', 40),
('BD1301', 'B034', 'Supplier HH', 2023, 280, 'Hiện có', 40),
('BD1302', 'B034', 'Supplier HH', 2024, 320, 'Hiện có', 40),
('BD1303', 'B034', 'Supplier HH', 2025, 360, 'Hiện có', 40),
('BD1304', 'B034', 'Supplier HH', 2023, 410, 'Hiện có', 40),
('BD1305', 'B034', 'Supplier HH', 2024, 290, 'Hiện có', 40),
('BD1306', 'B034', 'Supplier HH', 2025, 330, 'Hiện có', 40),
('BD1307', 'B034', 'Supplier HH', 2023, 370, 'Hiện có', 40),
('BD1308', 'B034', 'Supplier HH', 2024, 420, 'Hiện có', 40),
('BD1309', 'B034', 'Supplier HH', 2025, 260, 'Hiện có', 40),
('BD1310', 'B034', 'Supplier HH', 2023, 310, 'Hiện có', 40),
('BD1311', 'B034', 'Supplier HH', 2024, 350, 'Hiện có', 40),
('BD1312', 'B034', 'Supplier HH', 2025, 400, 'Hiện có', 40),
('BD1313', 'B034', 'Supplier HH', 2023, 230, 'Hiện có', 40),
('BD1314', 'B034', 'Supplier HH', 2024, 270, 'Hiện có', 40),
('BD1315', 'B034', 'Supplier HH', 2025, 310, 'Hiện có', 40),
('BD1316', 'B034', 'Supplier HH', 2023, 360, 'Hiện có', 40),
('BD1317', 'B034', 'Supplier HH', 2024, 410, 'Hiện có', 40),
('BD1318', 'B034', 'Supplier HH', 2025, 290, 'Hiện có', 40),
('BD1319', 'B034', 'Supplier HH', 2023, 340, 'Hiện có', 40),
('BD1320', 'B034', 'Supplier HH', 2024, 390, 'Hiện có', 40),
('BD1321', 'B034', 'Supplier HH', 2025, 250, 'Hiện có', 40),
('BD1322', 'B034', 'Supplier HH', 2023, 300, 'Hiện có', 40),
('BD1323', 'B034', 'Supplier HH', 2024, 350, 'Hiện có', 40),
('BD1324', 'B034', 'Supplier HH', 2025, 400, 'Hiện có', 40),
('BD1325', 'B034', 'Supplier HH', 2023, 220, 'Hiện có', 40),
('BD1326', 'B034', 'Supplier HH', 2024, 270, 'Hiện có', 40),
('BD1327', 'B034', 'Supplier HH', 2025, 320, 'Hiện có', 40),
('BD1328', 'B034', 'Supplier HH', 2023, 370, 'Hiện có', 40),
('BD1329', 'B034', 'Supplier HH', 2024, 420, 'Hiện có', 40),
('BD1330', 'B034', 'Supplier HH', 2025, 260, 'Hiện có', 40),
('BD1331', 'B034', 'Supplier HH', 2023, 310, 'Hiện có', 40),
('BD1332', 'B034', 'Supplier HH', 2024, 360, 'Hiện có', 40),
('BD1333', 'B034', 'Supplier HH', 2025, 410, 'Hiện có', 40),
('BD1334', 'B035', 'Supplier II', 2023, 250, 'Hiện có', 40),
('BD1335', 'B035', 'Supplier II', 2024, 300, 'Hiện có', 40),
('BD1336', 'B035', 'Supplier II', 2025, 350, 'Hiện có', 40),
('BD1337', 'B035', 'Supplier II', 2023, 400, 'Hiện có', 40),
('BD1338', 'B035', 'Supplier II', 2024, 450, 'Hiện có', 40),
('BD1339', 'B035', 'Supplier II', 2025, 220, 'Hiện có', 40),
('BD1340', 'B035', 'Supplier II', 2023, 280, 'Hiện có', 40),
('BD1341', 'B035', 'Supplier II', 2024, 320, 'Hiện có', 40),
('BD1342', 'B035', 'Supplier II', 2025, 360, 'Hiện có', 40),
('BD1343', 'B035', 'Supplier II', 2023, 410, 'Hiện có', 40),
('BD1344', 'B035', 'Supplier II', 2024, 290, 'Hiện có', 40),
('BD1345', 'B035', 'Supplier II', 2025, 330, 'Hiện có', 40),
('BD1346', 'B035', 'Supplier II', 2023, 370, 'Hiện có', 40),
('BD1347', 'B035', 'Supplier II', 2024, 420, 'Hiện có', 40),
('BD1348', 'B035', 'Supplier II', 2025, 260, 'Hiện có', 40),
('BD1349', 'B035', 'Supplier II', 2023, 310, 'Hiện có', 40),
('BD1350', 'B035', 'Supplier II', 2024, 350, 'Hiện có', 40),
('BD1351', 'B035', 'Supplier II', 2025, 400, 'Hiện có', 40),
('BD1352', 'B035', 'Supplier II', 2023, 230, 'Hiện có', 40),
('BD1353', 'B035', 'Supplier II', 2024, 270, 'Hiện có', 40),
('BD1354', 'B035', 'Supplier II', 2025, 310, 'Hiện có', 40),
('BD1355', 'B035', 'Supplier II', 2023, 360, 'Hiện có', 40),
('BD1356', 'B035', 'Supplier II', 2024, 410, 'Hiện có', 40),
('BD1357', 'B035', 'Supplier II', 2025, 290, 'Hiện có', 40),
('BD1358', 'B035', 'Supplier II', 2023, 340, 'Hiện có', 40),
('BD1359', 'B035', 'Supplier II', 2024, 390, 'Hiện có', 40),
('BD1360', 'B035', 'Supplier II', 2025, 250, 'Hiện có', 40),
('BD1361', 'B035', 'Supplier II', 2023, 300, 'Hiện có', 40),
('BD1362', 'B035', 'Supplier II', 2024, 350, 'Hiện có', 40),
('BD1363', 'B035', 'Supplier II', 2025, 400, 'Hiện có', 40),
('BD1364', 'B035', 'Supplier II', 2023, 220, 'Hiện có', 40),
('BD1365', 'B035', 'Supplier II', 2024, 270, 'Hiện có', 40),
('BD1366', 'B035', 'Supplier II', 2025, 320, 'Hiện có', 40),
('BD1367', 'B035', 'Supplier II', 2023, 370, 'Hiện có', 40),
('BD1368', 'B035', 'Supplier II', 2024, 420, 'Hiện có', 40),
('BD1369', 'B035', 'Supplier II', 2025, 260, 'Hiện có', 40),
('BD1370', 'B035', 'Supplier II', 2023, 310, 'Hiện có', 40),
('BD1371', 'B035', 'Supplier II', 2024, 360, 'Hiện có', 40),
('BD1372', 'B035', 'Supplier II', 2025, 410, 'Hiện có', 40),
('BD1373', 'B036', 'Supplier JJ', 2023, 250, 'Hiện có', 40),
('BD1374', 'B036', 'Supplier JJ', 2024, 300, 'Hiện có', 40),
('BD1375', 'B036', 'Supplier JJ', 2025, 350, 'Hiện có', 40),
('BD1376', 'B036', 'Supplier JJ', 2023, 400, 'Hiện có', 40),
('BD1377', 'B036', 'Supplier JJ', 2024, 450, 'Hiện có', 40),
('BD1378', 'B036', 'Supplier JJ', 2025, 220, 'Hiện có', 40),
('BD1379', 'B036', 'Supplier JJ', 2023, 280, 'Hiện có', 40),
('BD1380', 'B036', 'Supplier JJ', 2024, 320, 'Hiện có', 40),
('BD1381', 'B036', 'Supplier JJ', 2025, 360, 'Hiện có', 40),
('BD1382', 'B036', 'Supplier JJ', 2023, 410, 'Hiện có', 40),
('BD1383', 'B036', 'Supplier JJ', 2024, 290, 'Hiện có', 40),
('BD1384', 'B036', 'Supplier JJ', 2025, 330, 'Hiện có', 40),
('BD1385', 'B036', 'Supplier JJ', 2023, 370, 'Hiện có', 40),
('BD1386', 'B036', 'Supplier JJ', 2024, 420, 'Hiện có', 40),
('BD1387', 'B036', 'Supplier JJ', 2025, 260, 'Hiện có', 40),
('BD1388', 'B036', 'Supplier JJ', 2023, 310, 'Hiện có', 40),
('BD1389', 'B036', 'Supplier JJ', 2024, 350, 'Hiện có', 40),
('BD1390', 'B036', 'Supplier JJ', 2025, 400, 'Hiện có', 40),
('BD1391', 'B036', 'Supplier JJ', 2023, 230, 'Hiện có', 40),
('BD1392', 'B036', 'Supplier JJ', 2024, 270, 'Hiện có', 40),
('BD1393', 'B036', 'Supplier JJ', 2025, 310, 'Hiện có', 40),
('BD1394', 'B036', 'Supplier JJ', 2023, 360, 'Hiện có', 40),
('BD1395', 'B036', 'Supplier JJ', 2024, 410, 'Hiện có', 40),
('BD1396', 'B036', 'Supplier JJ', 2025, 290, 'Hiện có', 40),
('BD1397', 'B036', 'Supplier JJ', 2023, 340, 'Hiện có', 40),
('BD1398', 'B036', 'Supplier JJ', 2024, 390, 'Hiện có', 40),
('BD1399', 'B036', 'Supplier JJ', 2025, 250, 'Hiện có', 40),
('BD1400', 'B036', 'Supplier JJ', 2023, 300, 'Hiện có', 40),
('BD1401', 'B036', 'Supplier JJ', 2024, 350, 'Hiện có', 40),
('BD1402', 'B036', 'Supplier JJ', 2025, 400, 'Hiện có', 40),
('BD1403', 'B036', 'Supplier JJ', 2023, 220, 'Hiện có', 40),
('BD1404', 'B036', 'Supplier JJ', 2024, 270, 'Hiện có', 40),
('BD1405', 'B036', 'Supplier JJ', 2025, 320, 'Hiện có', 40),
('BD1406', 'B036', 'Supplier JJ', 2023, 370, 'Hiện có', 40),
('BD1407', 'B036', 'Supplier JJ', 2024, 420, 'Hiện có', 40),
('BD1408', 'B036', 'Supplier JJ', 2025, 260, 'Hiện có', 40),
('BD1409', 'B036', 'Supplier JJ', 2023, 310, 'Hiện có', 40),
('BD1410', 'B036', 'Supplier JJ', 2024, 360, 'Hiện có', 40),
('BD1411', 'B036', 'Supplier JJ', 2025, 410, 'Hiện có', 40),
('BD1412', 'B037', 'Supplier KK', 2023, 250, 'Hiện có', 40),
('BD1413', 'B037', 'Supplier KK', 2024, 300, 'Hiện có', 40),
('BD1414', 'B037', 'Supplier KK', 2025, 350, 'Hiện có', 40),
('BD1415', 'B037', 'Supplier KK', 2023, 400, 'Hiện có', 40),
('BD1416', 'B037', 'Supplier KK', 2024, 450, 'Hiện có', 40),
('BD1417', 'B037', 'Supplier KK', 2025, 220, 'Hiện có', 40),
('BD1418', 'B037', 'Supplier KK', 2023, 280, 'Hiện có', 40),
('BD1419', 'B037', 'Supplier KK', 2024, 320, 'Hiện có', 40),
('BD1420', 'B037', 'Supplier KK', 2025, 360, 'Hiện có', 40),
('BD1421', 'B037', 'Supplier KK', 2023, 410, 'Hiện có', 40),
('BD1422', 'B037', 'Supplier KK', 2024, 290, 'Hiện có', 40),
('BD1423', 'B037', 'Supplier KK', 2025, 330, 'Hiện có', 40),
('BD1424', 'B037', 'Supplier KK', 2023, 370, 'Hiện có', 40),
('BD1425', 'B037', 'Supplier KK', 2024, 420, 'Hiện có', 40),
('BD1426', 'B037', 'Supplier KK', 2025, 260, 'Hiện có', 40),
('BD1427', 'B037', 'Supplier KK', 2023, 310, 'Hiện có', 40),
('BD1428', 'B037', 'Supplier KK', 2024, 350, 'Hiện có', 40),
('BD1429', 'B037', 'Supplier KK', 2025, 400, 'Hiện có', 40),
('BD1430', 'B037', 'Supplier KK', 2023, 230, 'Hiện có', 40),
('BD1431', 'B037', 'Supplier KK', 2024, 270, 'Hiện có', 40),
('BD1432', 'B037', 'Supplier KK', 2025, 310, 'Hiện có', 40),
('BD1433', 'B037', 'Supplier KK', 2023, 360, 'Hiện có', 40),
('BD1434', 'B037', 'Supplier KK', 2024, 410, 'Hiện có', 40),
('BD1435', 'B037', 'Supplier KK', 2025, 290, 'Hiện có', 40),
('BD1436', 'B037', 'Supplier KK', 2023, 340, 'Hiện có', 40),
('BD1437', 'B037', 'Supplier KK', 2024, 390, 'Hiện có', 40),
('BD1438', 'B037', 'Supplier KK', 2025, 250, 'Hiện có', 40),
('BD1439', 'B037', 'Supplier KK', 2023, 300, 'Hiện có', 40),
('BD1440', 'B037', 'Supplier KK', 2024, 350, 'Hiện có', 40),
('BD1441', 'B037', 'Supplier KK', 2025, 400, 'Hiện có', 40),
('BD1442', 'B037', 'Supplier KK', 2023, 220, 'Hiện có', 40),
('BD1443', 'B037', 'Supplier KK', 2024, 270, 'Hiện có', 40),
('BD1444', 'B037', 'Supplier KK', 2025, 320, 'Hiện có', 40),
('BD1445', 'B037', 'Supplier KK', 2023, 370, 'Hiện có', 40),
('BD1446', 'B037', 'Supplier KK', 2024, 420, 'Hiện có', 40),
('BD1447', 'B037', 'Supplier KK', 2025, 260, 'Hiện có', 40),
('BD1448', 'B037', 'Supplier KK', 2023, 310, 'Hiện có', 40),
('BD1449', 'B037', 'Supplier KK', 2024, 360, 'Hiện có', 40),
('BD1450', 'B037', 'Supplier KK', 2025, 410, 'Hiện có', 40),
('BD1451', 'B038', 'Supplier LL', 2023, 250, 'Hiện có', 40),
('BD1452', 'B038', 'Supplier LL', 2024, 300, 'Hiện có', 40),
('BD1453', 'B038', 'Supplier LL', 2025, 350, 'Hiện có', 40),
('BD1454', 'B038', 'Supplier LL', 2023, 400, 'Hiện có', 40),
('BD1455', 'B038', 'Supplier LL', 2024, 450, 'Hiện có', 40),
('BD1456', 'B038', 'Supplier LL', 2025, 220, 'Hiện có', 40),
('BD1457', 'B038', 'Supplier LL', 2023, 280, 'Hiện có', 40),
('BD1458', 'B038', 'Supplier LL', 2024, 320, 'Hiện có', 40),
('BD1459', 'B038', 'Supplier LL', 2025, 360, 'Hiện có', 40),
('BD1460', 'B038', 'Supplier LL', 2023, 410, 'Hiện có', 40),
('BD1461', 'B038', 'Supplier LL', 2024, 290, 'Hiện có', 40),
('BD1462', 'B038', 'Supplier LL', 2025, 330, 'Hiện có', 40),
('BD1463', 'B038', 'Supplier LL', 2023, 370, 'Hiện có', 40),
('BD1464', 'B038', 'Supplier LL', 2024, 420, 'Hiện có', 40),
('BD1465', 'B038', 'Supplier LL', 2025, 260, 'Hiện có', 40),
('BD1466', 'B038', 'Supplier LL', 2023, 310, 'Hiện có', 40),
('BD1467', 'B038', 'Supplier LL', 2024, 350, 'Hiện có', 40),
('BD1468', 'B038', 'Supplier LL', 2025, 400, 'Hiện có', 40),
('BD1469', 'B038', 'Supplier LL', 2023, 230, 'Hiện có', 40),
('BD1470', 'B038', 'Supplier LL', 2024, 270, 'Hiện có', 40),
('BD1471', 'B038', 'Supplier LL', 2025, 310, 'Hiện có', 40),
('BD1472', 'B038', 'Supplier LL', 2023, 360, 'Hiện có', 40),
('BD1473', 'B038', 'Supplier LL', 2024, 410, 'Hiện có', 40),
('BD1474', 'B038', 'Supplier LL', 2025, 290, 'Hiện có', 40),
('BD1475', 'B038', 'Supplier LL', 2023, 340, 'Hiện có', 40),
('BD1476', 'B038', 'Supplier LL', 2024, 390, 'Hiện có', 40),
('BD1477', 'B038', 'Supplier LL', 2025, 250, 'Hiện có', 40),
('BD1478', 'B038', 'Supplier LL', 2023, 300, 'Hiện có', 40),
('BD1479', 'B038', 'Supplier LL', 2024, 350, 'Hiện có', 40),
('BD1480', 'B038', 'Supplier LL', 2025, 400, 'Hiện có', 40),
('BD1481', 'B038', 'Supplier LL', 2023, 220, 'Hiện có', 40),
('BD1482', 'B038', 'Supplier LL', 2024, 270, 'Hiện có', 40),
('BD1483', 'B038', 'Supplier LL', 2025, 320, 'Hiện có', 40),
('BD1484', 'B038', 'Supplier LL', 2023, 370, 'Hiện có', 40),
('BD1485', 'B038', 'Supplier LL', 2024, 420, 'Hiện có', 40),
('BD1486', 'B038', 'Supplier LL', 2025, 260, 'Hiện có', 40),
('BD1487', 'B038', 'Supplier LL', 2023, 310, 'Hiện có', 40),
('BD1488', 'B038', 'Supplier LL', 2024, 360, 'Hiện có', 40),
('BD1489', 'B038', 'Supplier LL', 2025, 410, 'Hiện có', 40),
('BD1490', 'B039', 'Supplier MM', 2023, 250, 'Hiện có', 40),
('BD1491', 'B039', 'Supplier MM', 2024, 300, 'Hiện có', 40),
('BD1492', 'B039', 'Supplier MM', 2025, 350, 'Hiện có', 40),
('BD1493', 'B039', 'Supplier MM', 2023, 400, 'Hiện có', 40),
('BD1494', 'B039', 'Supplier MM', 2024, 450, 'Hiện có', 40),
('BD1495', 'B039', 'Supplier MM', 2025, 220, 'Hiện có', 40),
('BD1496', 'B039', 'Supplier MM', 2023, 280, 'Hiện có', 40),
('BD1497', 'B039', 'Supplier MM', 2024, 320, 'Hiện có', 40),
('BD1498', 'B039', 'Supplier MM', 2025, 360, 'Hiện có', 40),
('BD1499', 'B039', 'Supplier MM', 2023, 410, 'Hiện có', 40),
('BD1500', 'B039', 'Supplier MM', 2024, 290, 'Hiện có', 40),
('BD1501', 'B039', 'Supplier MM', 2025, 330, 'Hiện có', 40),
('BD1502', 'B039', 'Supplier MM', 2023, 370, 'Hiện có', 40),
('BD1503', 'B039', 'Supplier MM', 2024, 420, 'Hiện có', 40),
('BD1504', 'B039', 'Supplier MM', 2025, 260, 'Hiện có', 40),
('BD1505', 'B039', 'Supplier MM', 2023, 310, 'Hiện có', 40),
('BD1506', 'B039', 'Supplier MM', 2024, 350, 'Hiện có', 40),
('BD1507', 'B039', 'Supplier MM', 2025, 400, 'Hiện có', 40),
('BD1508', 'B039', 'Supplier MM', 2023, 230, 'Hiện có', 40),
('BD1509', 'B039', 'Supplier MM', 2024, 270, 'Hiện có', 40),
('BD1510', 'B039', 'Supplier MM', 2025, 310, 'Hiện có', 40),
('BD1511', 'B039', 'Supplier MM', 2023, 360, 'Hiện có', 40),
('BD1512', 'B039', 'Supplier MM', 2024, 410, 'Hiện có', 40),
('BD1513', 'B039', 'Supplier MM', 2025, 290, 'Hiện có', 40),
('BD1514', 'B039', 'Supplier MM', 2023, 340, 'Hiện có', 40),
('BD1515', 'B039', 'Supplier MM', 2024, 390, 'Hiện có', 40),
('BD1516', 'B039', 'Supplier MM', 2025, 250, 'Hiện có', 40),
('BD1517', 'B039', 'Supplier MM', 2023, 300, 'Hiện có', 40),
('BD1518', 'B039', 'Supplier MM', 2024, 350, 'Hiện có', 40),
('BD1519', 'B039', 'Supplier MM', 2025, 400, 'Hiện có', 40),
('BD1520', 'B039', 'Supplier MM', 2023, 220, 'Hiện có', 40),
('BD1521', 'B039', 'Supplier MM', 2024, 270, 'Hiện có', 40),
('BD1522', 'B039', 'Supplier MM', 2025, 320, 'Hiện có', 40),
('BD1523', 'B039', 'Supplier MM', 2023, 370, 'Hiện có', 40),
('BD1524', 'B039', 'Supplier MM', 2024, 420, 'Hiện có', 40),
('BD1525', 'B039', 'Supplier MM', 2025, 260, 'Hiện có', 40),
('BD1526', 'B039', 'Supplier MM', 2023, 310, 'Hiện có', 40),
('BD1527', 'B039', 'Supplier MM', 2024, 360, 'Hiện có', 40),
('BD1528', 'B039', 'Supplier MM', 2025, 410, 'Hiện có', 40),
('BD1529', 'B040', 'Supplier NN', 2023, 250, 'Hiện có', 40),
('BD1530', 'B040', 'Supplier NN', 2024, 300, 'Hiện có', 40),
('BD1531', 'B040', 'Supplier NN', 2025, 350, 'Hiện có', 40),
('BD1532', 'B040', 'Supplier NN', 2023, 400, 'Hiện có', 40),
('BD1533', 'B040', 'Supplier NN', 2024, 450, 'Hiện có', 40),
('BD1534', 'B040', 'Supplier NN', 2025, 220, 'Hiện có', 40),
('BD1535', 'B040', 'Supplier NN', 2023, 280, 'Hiện có', 40),
('BD1536', 'B040', 'Supplier NN', 2024, 320, 'Hiện có', 40),
('BD1537', 'B040', 'Supplier NN', 2025, 360, 'Hiện có', 40),
('BD1538', 'B040', 'Supplier NN', 2023, 410, 'Hiện có', 40),
('BD1539', 'B040', 'Supplier NN', 2024, 290, 'Hiện có', 40),
('BD1540', 'B040', 'Supplier NN', 2025, 330, 'Hiện có', 40),
('BD1541', 'B040', 'Supplier NN', 2023, 370, 'Hiện có', 40),
('BD1542', 'B040', 'Supplier NN', 2024, 420, 'Hiện có', 40),
('BD1543', 'B040', 'Supplier NN', 2025, 260, 'Hiện có', 40),
('BD1544', 'B040', 'Supplier NN', 2023, 310, 'Hiện có', 40),
('BD1545', 'B040', 'Supplier NN', 2024, 350, 'Hiện có', 40),
('BD1546', 'B040', 'Supplier NN', 2025, 400, 'Hiện có', 40),
('BD1547', 'B040', 'Supplier NN', 2023, 230, 'Hiện có', 40),
('BD1548', 'B040', 'Supplier NN', 2024, 270, 'Hiện có', 40),
('BD1549', 'B040', 'Supplier NN', 2025, 310, 'Hiện có', 40),
('BD1550', 'B040', 'Supplier NN', 2023, 360, 'Hiện có', 40),
('BD1551', 'B040', 'Supplier NN', 2024, 410, 'Hiện có', 40),
('BD1552', 'B040', 'Supplier NN', 2025, 290, 'Hiện có', 40),
('BD1553', 'B040', 'Supplier NN', 2023, 340, 'Hiện có', 40),
('BD1554', 'B040', 'Supplier NN', 2024, 390, 'Hiện có', 40),
('BD1555', 'B040', 'Supplier NN', 2025, 250, 'Hiện có', 40),
('BD1556', 'B040', 'Supplier NN', 2023, 300, 'Hiện có', 40),
('BD1557', 'B040', 'Supplier NN', 2024, 350, 'Hiện có', 40),
('BD1558', 'B040', 'Supplier NN', 2025, 400, 'Hiện có', 40),
('BD1559', 'B040', 'Supplier NN', 2023, 220, 'Hiện có', 40),
('BD1560', 'B040', 'Supplier NN', 2024, 270, 'Hiện có', 40),
('BD1561', 'B040', 'Supplier NN', 2025, 320, 'Hiện có', 40),
('BD1562', 'B040', 'Supplier NN', 2023, 370, 'Hiện có', 40),
('BD1563', 'B040', 'Supplier NN', 2024, 420, 'Hiện có', 40),
('BD1564', 'B040', 'Supplier NN', 2025, 260, 'Hiện có', 40),
('BD1565', 'B040', 'Supplier NN', 2023, 310, 'Hiện có', 40),
('BD1566', 'B040', 'Supplier NN', 2024, 360, 'Hiện có', 40),
('BD1567', 'B040', 'Supplier NN', 2025, 410, 'Hiện có', 40),
('BD1568', 'B040', 'Supplier NN', 2023, 230, 'Hiện có', 40),
('BD1569', 'B040', 'Supplier NN', 2024, 270, 'Hiện có', 40),
('BD1570', 'B040', 'Supplier NN', 2025, 310, 'Hiện có', 40),
('BD1571', 'B040', 'Supplier NN', 2023, 360, 'Hiện có', 40),
('BD1572', 'B040', 'Supplier NN', 2024, 410, 'Hiện có', 40),
('BD1573', 'B040', 'Supplier NN', 2025, 290, 'Hiện có', 40),
('BD1574', 'B040', 'Supplier NN', 2023, 340, 'Hiện có', 40),
('BD1575', 'B040', 'Supplier NN', 2024, 390, 'Hiện có', 40),
('BD1576', 'B040', 'Supplier NN', 2025, 250, 'Hiện có', 40),
('BD1577', 'B040', 'Supplier NN', 2023, 300, 'Hiện có', 40),
('BD1578', 'B040', 'Supplier NN', 2024, 350, 'Hiện có', 40),
('BD1579', 'B040', 'Supplier NN', 2025, 400, 'Hiện có', 40),
('BD1580', 'B040', 'Supplier NN', 2023, 220, 'Hiện có', 40),
('BD1581', 'B040', 'Supplier NN', 2024, 270, 'Hiện có', 40),
('BD1582', 'B040', 'Supplier NN', 2025, 320, 'Hiện có', 40),
('BD1583', 'B040', 'Supplier NN', 2023, 370, 'Hiện có', 40),
('BD1584', 'B040', 'Supplier NN', 2024, 420, 'Hiện có', 40),
('BD1585', 'B040', 'Supplier NN', 2025, 260, 'Hiện có', 40),
('BD1586', 'B040', 'Supplier NN', 2023, 310, 'Hiện có', 40),
('BD1587', 'B040', 'Supplier NN', 2024, 360, 'Hiện có', 40),
('BD1588', 'B040', 'Supplier NN', 2025, 410, 'Hiện có', 40),
('BD1589', 'B040', 'Supplier NN', 2023, 230, 'Hiện có', 40),
('BD1590', 'B040', 'Supplier NN', 2024, 270, 'Hiện có', 40),
('BD1591', 'B040', 'Supplier NN', 2025, 310, 'Hiện có', 40),
('BD1592', 'B040', 'Supplier NN', 2023, 360, 'Hiện có', 40),
('BD1593', 'B040', 'Supplier NN', 2024, 410, 'Hiện có', 40),
('BD1594', 'B040', 'Supplier NN', 2025, 290, 'Hiện có', 40),
('BD1595', 'B040', 'Supplier NN', 2023, 340, 'Hiện có', 40),
('BD1596', 'B040', 'Supplier NN', 2024, 390, 'Hiện có', 40),
('BD1597', 'B040', 'Supplier NN', 2025, 250, 'Hiện có', 40),
('BD1598', 'B040', 'Supplier NN', 2023, 300, 'Hiện có', 40),
('BD1599', 'B040', 'Supplier NN', 2024, 350, 'Hiện có', 40),
('BD1600', 'B040', 'Supplier NN', 2025, 400, 'Hiện có', 40);

-- Insert data for Staff
INSERT INTO Staff (ID, name, gender, birth, address, phone, email, wage, exist)
VALUES
('Admin','Quản trị viên','Nam','2005-01-12','HCM','0123456789','admin@gmail.com',1000000,'1'),
('S001', 'Le Van C', 'Nam', '1985-03-03', 'Danang', '0912345678', 'c@gmail.com', 5000000, '1'), -- Updated to VND
('S002', 'Pham Thi D', 'Nu', '1988-04-04', 'Hue', '0923456789', 'd@gmail.com', 6000000, '1'),
('S003', 'Nguyen Van A', 'Nam', '1990-01-01', 'Hanoi', '0123456789', 'a@gmail.com', 5500000, '1'),
('S004', 'Tran Thi B', 'Nu', '1992-02-02', 'HCM', '0987654321', 'b@gmail.com', 6200000, '1'),
('S005', 'Hoang Van E', 'Nam', '1995-05-05', 'Haiphong', '0934567890', 'e@gmail.com', 5800000, '1'),
('S006', 'Nguyen Thi F', 'Nu', '1993-06-06', 'Cantho', '0945678901', 'f@gmail.com', 6100000, '1'),
('S007', 'Tran Van G', 'Nam', '1991-07-07', 'Quangnam', '0956789012', 'g@gmail.com', 5400000, '1'),
('S008', 'Pham Thi H', 'Nu', '1994-08-08', 'Ninhbinh', '0967890123', 'h@gmail.com', 6300000, '1'),
('S009', 'Le Van I', 'Nam', '1987-09-09', 'Thanhhoa', '0978901234', 'i@gmail.com', 5200000, '1'),
('S010', 'Nguyen Thi J', 'Nu', '1996-10-10', 'Vinh', '0989012345', 'j@gmail.com', 6400000, '1'),
('S011', 'Tran Van K', 'Nam', '1990-11-11', 'Hanoi', '0990123456', 'k@gmail.com', 5700000, '1'),
('S012', 'Pham Thi L', 'Nu', '1992-12-12', 'HCM', '0901234567', 'l@gmail.com', 6000000, '1'),
('S013', 'Hoang Van M', 'Nam', '1985-01-13', 'Danang', '0912345678', 'm@gmail.com', 5300000, '1'),
('S014', 'Nguyen Thi N', 'Nu', '1988-02-14', 'Hue', '0923456789', 'n@gmail.com', 6200000, '1'),
('S015', 'Le Van O', 'Nam', '1995-03-15', 'Haiphong', '0934567890', 'o@gmail.com', 5600000, '1'),
('S016', 'Tran Thi P', 'Nu', '1993-04-16', 'Cantho', '0945678901', 'p@gmail.com', 6100000, '1'),
('S017', 'Pham Van Q', 'Nam', '1991-05-17', 'Quangnam', '0956789012', 'q@gmail.com', 5400000, '1'),
('S018', 'Nguyen Thi R', 'Nu', '1994-06-18', 'Ninhbinh', '0967890123', 'r@gmail.com', 6300000, '1'),
('S019', 'Hoang Van S', 'Nam', '1987-07-19', 'Thanhhoa', '0978901234', 's@gmail.com', 5200000, '1'),
('S020', 'Le Thi T', 'Nu', '1996-08-20', 'Vinh', '0989012345', 't@gmail.com', 6400000, '1'),
('S021', 'Tran Van U', 'Nam', '1990-09-21', 'Hanoi', '0990123456', 'u@gmail.com', 5700000, '1'),
('S022', 'Pham Thi V', 'Nu', '1992-10-22', 'HCM', '0901234567', 'v@gmail.com', 6000000, '1'),
('S023', 'Nguyen Van W', 'Nam', '1985-11-23', 'Danang', '0912345678', 'w@gmail.com', 5300000, '1'),
('S024', 'Le Thi X', 'Nu', '1988-12-24', 'Hue', '0923456789', 'x@gmail.com', 6200000, '1'),
('S025', 'Tran Van Y', 'Nam', '1995-01-25', 'Haiphong', '0934567890', 'y@gmail.com', 5600000, '1'),
('S026', 'Pham Thi Z', 'Nu', '1993-02-26', 'Cantho', '0945678901', 'z@gmail.com', 6100000, '1'),
('S027', 'Nguyen Van AA', 'Nam', '1991-03-27', 'Quangnam', '0956789012', 'aa@gmail.com', 5400000, '1'),
('S028', 'Le Thi BB', 'Nu', '1994-04-28', 'Ninhbinh', '0967890123', 'bb@gmail.com', 6300000, '1'),
('S029', 'Tran Van CC', 'Nam', '1987-05-29', 'Thanhhoa', '0978901234', 'cc@gmail.com', 5200000, '1'),
('S030', 'Pham Thi DD', 'Nu', '1996-06-30', 'Vinh', '0989012345', 'dd@gmail.com', 6400000, '1'),
('S031', 'Nguyen Van EE', 'Nam', '1990-07-31', 'Hanoi', '0990123456', 'ee@gmail.com', 5700000, '1'),
('S032', 'Le Thi FF', 'Nu', '1992-08-01', 'HCM', '0901234567', 'ff@gmail.com', 6000000, '1'),
('S033', 'Tran Van GG', 'Nam', '1985-09-02', 'Danang', '0912345678', 'gg@gmail.com', 5300000, '1'),
('S034', 'Pham Thi HH', 'Nu', '1988-10-03', 'Hue', '0923456789', 'hh@gmail.com', 6200000, '1'),
('S035', 'Nguyen Van II', 'Nam', '1995-11-04', 'Haiphong', '0934567890', 'ii@gmail.com', 5600000, '1'),
('S036', 'Le Thi JJ', 'Nu', '1993-12-05', 'Cantho', '0945678901', 'jj@gmail.com', 6100000, '1'),
('S037', 'Tran Van KK', 'Nam', '1991-01-06', 'Quangnam', '0956789012', 'kk@gmail.com', 5400000, '1'),
('S038', 'Pham Thi LL', 'Nu', '1994-02-07', 'Ninhbinh', '0967890123', 'll@gmail.com', 6300000, '1'),
('S039', 'Nguyen Van MM', 'Nam', '1987-03-08', 'Thanhhoa', '0978901234', 'mm@gmail.com', 5200000, '1'),
('S040', 'Le Thi NN', 'Nu', '1996-04-09', 'Vinh', '0989012345', 'nn@gmail.com', 6400000, '1');

-- Insert data for Loan_slip
INSERT INTO Loan_slip (ID, ID_Reader, ID_Staff, so_luong, Borrow_Date, Expected_Date, loan_fee)
VALUES
('L001', 'R001', 'S001', 40, '2023-03-01', '2023-03-15', 10000), -- Updated to VND
('L002', 'R002', 'S002', 40, '2023-03-02', '2023-03-16', 5000),
('L003', 'R003', 'S003', 40, '2023-03-03', '2023-03-17', 15000),
('L004', 'R004', 'S004', 40, '2023-03-04', '2023-03-18', 10000),
('L005', 'R005', 'S005', 40, '2023-03-05', '2023-03-19', 5000),
('L006', 'R006', 'S006', 40, '2023-03-06', '2023-03-20', 20000),
('L007', 'R007', 'S007', 40, '2023-03-07', '2023-03-21', 10000),
('L008', 'R008', 'S008', 40, '2023-03-08', '2023-03-22', 5000),
('L009', 'R009', 'S009', 40, '2023-03-09', '2023-03-23', 15000),
('L010', 'R010', 'S010', 40, '2023-03-10', '2023-03-24', 10000),
('L011', 'R011', 'S011', 40, '2023-03-11', '2023-03-25', 5000),
('L012', 'R012', 'S012', 40, '2023-03-12', '2023-03-26', 20000),
('L013', 'R013', 'S013', 40, '2023-03-13', '2023-03-27', 10000),
('L014', 'R014', 'S014', 40, '2023-03-14', '2023-03-28', 5000),
('L015', 'R015', 'S015', 40, '2023-03-15', '2023-03-29', 15000),
('L016', 'R016', 'S016', 40, '2023-03-16', '2023-03-30', 10000),
('L017', 'R017', 'S017', 40, '2023-03-17', '2023-03-31', 5000),
('L018', 'R018', 'S018', 40, '2023-03-18', '2023-04-01', 20000),
('L019', 'R019', 'S019', 40, '2023-03-19', '2023-04-02', 10000),
('L020', 'R020', 'S020', 40, '2023-03-20', '2023-04-03', 5000),
('L021', 'R021', 'S021', 40, '2023-03-21', '2023-04-04', 15000),
('L022', 'R022', 'S022', 40, '2023-03-22', '2023-04-05', 10000),
('L023', 'R023', 'S023', 40, '2023-03-23', '2023-04-06', 5000),
('L024', 'R024', 'S024', 40, '2023-03-24', '2023-04-07', 20000),
('L025', 'R025', 'S025', 40, '2023-03-25', '2023-04-08', 10000),
('L026', 'R026', 'S026', 40, '2023-03-26', '2023-04-09', 5000),
('L027', 'R027', 'S027', 40, '2023-03-27', '2023-04-10', 15000),
('L028', 'R028', 'S028', 40, '2023-03-28', '2023-04-11', 10000),
('L029', 'R029', 'S029', 40, '2023-03-29', '2023-04-12', 5000),
('L030', 'R030', 'S030', 40, '2023-03-30', '2023-04-13', 20000),
('L031', 'R031', 'S031', 40, '2023-03-31', '2023-04-14', 10000),
('L032', 'R032', 'S032', 40, '2023-04-01', '2023-04-15', 5000),
('L033', 'R033', 'S033', 40, '2023-04-02', '2023-04-16', 15000),
('L034', 'R034', 'S034', 40, '2023-04-03', '2023-04-17', 10000),
('L035', 'R035', 'S035', 40, '2023-04-04', '2023-04-18', 5000),
('L036', 'R036', 'S036', 40, '2023-04-05', '2023-04-19', 20000),
('L037', 'R037', 'S037', 40, '2023-04-06', '2023-04-20', 10000),
('L038', 'R038', 'S038', 40, '2023-04-07', '2023-04-21', 5000),
('L039', 'R039', 'S039', 40, '2023-04-08', '2023-04-22', 15000),
('L040', 'R040', 'S040', 40, '2023-04-09', '2023-04-23', 10000);

-- Insert data for Payment_slip
INSERT INTO Payment_slip (ID, ID_Loan_slip, ID_Staff, so_luong, payment_Date, late_fee, damage_fee)
VALUES
('P001', 'L001', 'S001', 40, '2023-03-20', 0, 0), -- Updated to VND
('P002', 'L002', 'S002', 40, '2023-03-21', 5000, 10000),
('P003', 'L003', 'S003', 40, '2023-03-22', 0, 0),
('P004', 'L004', 'S004', 40, '2023-03-23', 10000, 5000),
('P005', 'L005', 'S005', 40, '2023-03-24', 0, 0),
('P006', 'L006', 'S006', 40, '2023-03-25', 15000, 20000),
('P007', 'L007', 'S007', 40, '2023-03-26', 0, 0),
('P008', 'L008', 'S008', 40, '2023-03-27', 5000, 0),
('P009', 'L009', 'S009', 40, '2023-03-28', 0, 10000),
('P010', 'L010', 'S010', 40, '2023-03-29', 0, 0),
('P011', 'L011', 'S011', 40, '2023-03-30', 5000, 5000),
('P012', 'L012', 'S012', 40, '2023-03-31', 0, 0),
('P013', 'L013', 'S013', 40, '2023-04-01', 10000, 0),
('P014', 'L014', 'S014', 40, '2023-04-02', 0, 0),
('P015', 'L015', 'S015', 40, '2023-04-03', 5000, 15000),
('P016', 'L016', 'S016', 40, '2023-04-04', 0, 0),
('P017', 'L017', 'S017', 40, '2023-04-05', 0, 5000),
('P018', 'L018', 'S018', 40, '2023-04-06', 20000, 10000),
('P019', 'L019', 'S019', 40, '2023-04-07', 0, 0),
('P020', 'L020', 'S020', 40, '2023-04-08', 5000, 0),
('P021', 'L021', 'S021', 40, '2023-04-09', 0, 15000),
('P022', 'L022', 'S022', 40, '2023-04-10', 0, 0),
('P023', 'L023', 'S023', 40, '2023-04-11', 5000, 5000),
('P024', 'L024', 'S024', 40, '2023-04-12', 0, 0),
('P025', 'L025', 'S025', 40, '2023-04-13', 10000, 0),
('P026', 'L026', 'S026', 40, '2023-04-14', 0, 0),
('P027', 'L027', 'S027', 40, '2023-04-15', 5000, 10000),
('P028', 'L028', 'S028', 40, '2023-04-16', 0, 0),
('P029', 'L029', 'S029', 40, '2023-04-17', 0, 5000),
('P030', 'L030', 'S030', 40, '2023-04-18', 20000, 20000),
('P031', 'L031', 'S031', 40, '2023-04-19', 0, 0),
('P032', 'L032', 'S032', 40, '2023-04-20', 5000, 0),
('P033', 'L033', 'S033', 40, '2023-04-21', 0, 15000),
('P034', 'L034', 'S034', 40, '2023-04-22', 0, 0),
('P035', 'L035', 'S035', 40, '2023-04-23', 5000, 5000),
('P036', 'L036', 'S036', 40, '2023-04-24', 0, 0),
('P037', 'L037', 'S037', 40, '2023-04-25', 10000, 0),
('P038', 'L038', 'S038', 40, '2023-04-26', 0, 0),
('P039', 'L039', 'S039', 40, '2023-04-27', 5000, 10000),
('P040', 'L040', 'S040', 40, '2023-04-28', 0, 0);

-- Insert data for Borrowed_Book_Details
INSERT INTO Borrowed_Book_Details (ID_Loan_slip, ID_Book)
VALUES
('L001', 'BD0001'),
('L001', 'BD0002'),
('L001', 'BD0003'),
('L001', 'BD0004'),
('L001', 'BD0005'),
('L001', 'BD0006'),
('L001', 'BD0007'),
('L001', 'BD0008'),
('L001', 'BD0009'),
('L001', 'BD0010'),
('L001', 'BD0011'),
('L001', 'BD0012'),
('L001', 'BD0013'),
('L001', 'BD0014'),
('L001', 'BD0015'),
('L001', 'BD0016'),
('L001', 'BD0017'),
('L001', 'BD0018'),
('L001', 'BD0019'),
('L001', 'BD0020'),
('L001', 'BD0021'),
('L001', 'BD0022'),
('L001', 'BD0023'),
('L001', 'BD0024'),
('L001', 'BD0025'),
('L001', 'BD0026'),
('L001', 'BD0027'),
('L001', 'BD0028'),
('L001', 'BD0029'),
('L001', 'BD0030'),
('L001', 'BD0031'),
('L001', 'BD0032'),
('L001', 'BD0033'),
('L001', 'BD0034'),
('L001', 'BD0035'),
('L001', 'BD0036'),
('L001', 'BD0037'),
('L001', 'BD0038'),
('L001', 'BD0039'),
('L001', 'BD0040'),
('L002', 'BD0041'),
('L002', 'BD0042'),
('L002', 'BD0043'),
('L002', 'BD0044'),
('L002', 'BD0045'),
('L002', 'BD0046'),
('L002', 'BD0047'),
('L002', 'BD0048'),
('L002', 'BD0049'),
('L002', 'BD0050'),
('L002', 'BD0051'),
('L002', 'BD0052'),
('L002', 'BD0053'),
('L002', 'BD0054'),
('L002', 'BD0055'),
('L002', 'BD0056'),
('L002', 'BD0057'),
('L002', 'BD0058'),
('L002', 'BD0059'),
('L002', 'BD0060'),
('L002', 'BD0061'),
('L002', 'BD0062'),
('L002', 'BD0063'),
('L002', 'BD0064'),
('L002', 'BD0065'),
('L002', 'BD0066'),
('L002', 'BD0067'),
('L002', 'BD0068'),
('L002', 'BD0069'),
('L002', 'BD0070'),
('L002', 'BD0071'),
('L002', 'BD0072'),
('L002', 'BD0073'),
('L002', 'BD0074'),
('L002', 'BD0075'),
('L002', 'BD0076'),
('L002', 'BD0077'),
('L002', 'BD0078'),
('L002', 'BD0079'),
('L002', 'BD0080'),
('L003', 'BD0081'),
('L003', 'BD0082'),
('L003', 'BD0083'),
('L003', 'BD0084'),
('L003', 'BD0085'),
('L003', 'BD0086'),
('L003', 'BD0087'),
('L003', 'BD0088'),
('L003', 'BD0089'),
('L003', 'BD0090'),
('L003', 'BD0091'),
('L003', 'BD0092'),
('L003', 'BD0093'),
('L003', 'BD0094'),
('L003', 'BD0095'),
('L003', 'BD0096'),
('L003', 'BD0097'),
('L003', 'BD0098'),
('L003', 'BD0099'),
('L003', 'BD0100'),
('L003', 'BD0101'),
('L003', 'BD0102'),
('L003', 'BD0103'),
('L003', 'BD0104'),
('L003', 'BD0105'),
('L003', 'BD0106'),
('L003', 'BD0107'),
('L003', 'BD0108'),
('L003', 'BD0109'),
('L003', 'BD0110'),
('L003', 'BD0111'),
('L003', 'BD0112'),
('L003', 'BD0113'),
('L003', 'BD0114'),
('L003', 'BD0115'),
('L003', 'BD0116'),
('L003', 'BD0117'),
('L003', 'BD0118'),
('L003', 'BD0119'),
('L003', 'BD0120'),
('L004', 'BD0121'),
('L004', 'BD0122'),
('L004', 'BD0123'),
('L004', 'BD0124'),
('L004', 'BD0125'),
('L004', 'BD0126'),
('L004', 'BD0127'),
('L004', 'BD0128'),
('L004', 'BD0129'),
('L004', 'BD0130'),
('L004', 'BD0131'),
('L004', 'BD0132'),
('L004', 'BD0133'),
('L004', 'BD0134'),
('L004', 'BD0135'),
('L004', 'BD0136'),
('L004', 'BD0137'),
('L004', 'BD0138'),
('L004', 'BD0139'),
('L004', 'BD0140'),
('L004', 'BD0141'),
('L004', 'BD0142'),
('L004', 'BD0143'),
('L004', 'BD0144'),
('L004', 'BD0145'),
('L004', 'BD0146'),
('L004', 'BD0147'),
('L004', 'BD0148'),
('L004', 'BD0149'),
('L004', 'BD0150'),
('L004', 'BD0151'),
('L004', 'BD0152'),
('L004', 'BD0153'),
('L004', 'BD0154'),
('L004', 'BD0155'),
('L004', 'BD0156'),
('L004', 'BD0157'),
('L004', 'BD0158'),
('L004', 'BD0159'),
('L004', 'BD0160'),
('L005', 'BD0161'),
('L005', 'BD0162'),
('L005', 'BD0163'),
('L005', 'BD0164'),
('L005', 'BD0165'),
('L005', 'BD0166'),
('L005', 'BD0167'),
('L005', 'BD0168'),
('L005', 'BD0169'),
('L005', 'BD0170'),
('L005', 'BD0171'),
('L005', 'BD0172'),
('L005', 'BD0173'),
('L005', 'BD0174'),
('L005', 'BD0175'),
('L005', 'BD0176'),
('L005', 'BD0177'),
('L005', 'BD0178'),
('L005', 'BD0179'),
('L005', 'BD0180'),
('L005', 'BD0181'),
('L005', 'BD0182'),
('L005', 'BD0183'),
('L005', 'BD0184'),
('L005', 'BD0185'),
('L005', 'BD0186'),
('L005', 'BD0187'),
('L005', 'BD0188'),
('L005', 'BD0189'),
('L005', 'BD0190'),
('L005', 'BD0191'),
('L005', 'BD0192'),
('L005', 'BD0193'),
('L005', 'BD0194'),
('L005', 'BD0195'),
('L005', 'BD0196'),
('L005', 'BD0197'),
('L005', 'BD0198'),
('L005', 'BD0199'),
('L005', 'BD0200'),
('L006', 'BD0201'),
('L006', 'BD0202'),
('L006', 'BD0203'),
('L006', 'BD0204'),
('L006', 'BD0205'),
('L006', 'BD0206'),
('L006', 'BD0207'),
('L006', 'BD0208'),
('L006', 'BD0209'),
('L006', 'BD0210'),
('L006', 'BD0211'),
('L006', 'BD0212'),
('L006', 'BD0213'),
('L006', 'BD0214'),
('L006', 'BD0215'),
('L006', 'BD0216'),
('L006', 'BD0217'),
('L006', 'BD0218'),
('L006', 'BD0219'),
('L006', 'BD0220'),
('L006', 'BD0221'),
('L006', 'BD0222'),
('L006', 'BD0223'),
('L006', 'BD0224'),
('L006', 'BD0225'),
('L006', 'BD0226'),
('L006', 'BD0227'),
('L006', 'BD0228'),
('L006', 'BD0229'),
('L006', 'BD0230'),
('L006', 'BD0231'),
('L006', 'BD0232'),
('L006', 'BD0233'),
('L006', 'BD0234'),
('L006', 'BD0235'),
('L006', 'BD0236'),
('L006', 'BD0237'),
('L006', 'BD0238'),
('L006', 'BD0239'),
('L006', 'BD0240'),
('L007', 'BD0241'),
('L007', 'BD0242'),
('L007', 'BD0243'),
('L007', 'BD0244'),
('L007', 'BD0245'),
('L007', 'BD0246'),
('L007', 'BD0247'),
('L007', 'BD0248'),
('L007', 'BD0249'),
('L007', 'BD0250'),
('L007', 'BD0251'),
('L007', 'BD0252'),
('L007', 'BD0253'),
('L007', 'BD0254'),
('L007', 'BD0255'),
('L007', 'BD0256'),
('L007', 'BD0257'),
('L007', 'BD0258'),
('L007', 'BD0259'),
('L007', 'BD0260'),
('L007', 'BD0261'),
('L007', 'BD0262'),
('L007', 'BD0263'),
('L007', 'BD0264'),
('L007', 'BD0265'),
('L007', 'BD0266'),
('L007', 'BD0267'),
('L007', 'BD0268'),
('L007', 'BD0269'),
('L007', 'BD0270'),
('L007', 'BD0271'),
('L007', 'BD0272'),
('L007', 'BD0273'),
('L007', 'BD0274'),
('L007', 'BD0275'),
('L007', 'BD0276'),
('L007', 'BD0277'),
('L007', 'BD0278'),
('L007', 'BD0279'),
('L007', 'BD0280'),
('L008', 'BD0281'),
('L008', 'BD0282'),
('L008', 'BD0283'),
('L008', 'BD0284'),
('L008', 'BD0285'),
('L008', 'BD0286'),
('L008', 'BD0287'),
('L008', 'BD0288'),
('L008', 'BD0289'),
('L008', 'BD0290'),
('L008', 'BD0291'),
('L008', 'BD0292'),
('L008', 'BD0293'),
('L008', 'BD0294'),
('L008', 'BD0295'),
('L008', 'BD0296'),
('L008', 'BD0297'),
('L008', 'BD0298'),
('L008', 'BD0299'),
('L008', 'BD0300'),
('L008', 'BD0301'),
('L008', 'BD0302'),
('L008', 'BD0303'),
('L008', 'BD0304'),
('L008', 'BD0305'),
('L008', 'BD0306'),
('L008', 'BD0307'),
('L008', 'BD0308'),
('L008', 'BD0309'),
('L008', 'BD0310'),
('L008', 'BD0311'),
('L008', 'BD0312'),
('L008', 'BD0313'),
('L008', 'BD0314'),
('L008', 'BD0315'),
('L008', 'BD0316'),
('L008', 'BD0317'),
('L008', 'BD0318'),
('L008', 'BD0319'),
('L008', 'BD0320'),
('L009', 'BD0321'),
('L009', 'BD0322'),
('L009', 'BD0323'),
('L009', 'BD0324'),
('L009', 'BD0325'),
('L009', 'BD0326'),
('L009', 'BD0327'),
('L009', 'BD0328'),
('L009', 'BD0329'),
('L009', 'BD0330'),
('L009', 'BD0331'),
('L009', 'BD0332'),
('L009', 'BD0333'),
('L009', 'BD0334'),
('L009', 'BD0335'),
('L009', 'BD0336'),
('L009', 'BD0337'),
('L009', 'BD0338'),
('L009', 'BD0339'),
('L009', 'BD0340'),
('L009', 'BD0341'),
('L009', 'BD0342'),
('L009', 'BD0343'),
('L009', 'BD0344'),
('L009', 'BD0345'),
('L009', 'BD0346'),
('L009', 'BD0347'),
('L009', 'BD0348'),
('L009', 'BD0349'),
('L009', 'BD0350'),
('L009', 'BD0351'),
('L009', 'BD0352'),
('L009', 'BD0353'),
('L009', 'BD0354'),
('L009', 'BD0355'),
('L009', 'BD0356'),
('L009', 'BD0357'),
('L009', 'BD0358'),
('L009', 'BD0359'),
('L009', 'BD0360'),
('L010', 'BD0361'),
('L010', 'BD0362'),
('L010', 'BD0363'),
('L010', 'BD0364'),
('L010', 'BD0365'),
('L010', 'BD0366'),
('L010', 'BD0367'),
('L010', 'BD0368'),
('L010', 'BD0369'),
('L010', 'BD0370'),
('L010', 'BD0371'),
('L010', 'BD0372'),
('L010', 'BD0373'),
('L010', 'BD0374'),
('L010', 'BD0375'),
('L010', 'BD0376'),
('L010', 'BD0377'),
('L010', 'BD0378'),
('L010', 'BD0379'),
('L010', 'BD0380'),
('L010', 'BD0381'),
('L010', 'BD0382'),
('L010', 'BD0383'),
('L010', 'BD0384'),
('L010', 'BD0385'),
('L010', 'BD0386'),
('L010', 'BD0387'),
('L010', 'BD0388'),
('L010', 'BD0389'),
('L010', 'BD0390'),
('L010', 'BD0391'),
('L010', 'BD0392'),
('L010', 'BD0393'),
('L010', 'BD0394'),
('L010', 'BD0395'),
('L010', 'BD0396'),
('L010', 'BD0397'),
('L010', 'BD0398'),
('L010', 'BD0399'),
('L010', 'BD0400'),
('L011', 'BD0401'),
('L011', 'BD0402'),
('L011', 'BD0403'),
('L011', 'BD0404'),
('L011', 'BD0405'),
('L011', 'BD0406'),
('L011', 'BD0407'),
('L011', 'BD0408'),
('L011', 'BD0409'),
('L011', 'BD0410'),
('L011', 'BD0411'),
('L011', 'BD0412'),
('L011', 'BD0413'),
('L011', 'BD0414'),
('L011', 'BD0415'),
('L011', 'BD0416'),
('L011', 'BD0417'),
('L011', 'BD0418'),
('L011', 'BD0419'),
('L011', 'BD0420'),
('L011', 'BD0421'),
('L011', 'BD0422'),
('L011', 'BD0423'),
('L011', 'BD0424'),
('L011', 'BD0425'),
('L011', 'BD0426'),
('L011', 'BD0427'),
('L011', 'BD0428'),
('L011', 'BD0429'),
('L011', 'BD0430'),
('L011', 'BD0431'),
('L011', 'BD0432'),
('L011', 'BD0433'),
('L011', 'BD0434'),
('L011', 'BD0435'),
('L011', 'BD0436'),
('L011', 'BD0437'),
('L011', 'BD0438'),
('L011', 'BD0439'),
('L011', 'BD0440'),
('L012', 'BD0441'),
('L012', 'BD0442'),
('L012', 'BD0443'),
('L012', 'BD0444'),
('L012', 'BD0445'),
('L012', 'BD0446'),
('L012', 'BD0447'),
('L012', 'BD0448'),
('L012', 'BD0449'),
('L012', 'BD0450'),
('L012', 'BD0451'),
('L012', 'BD0452'),
('L012', 'BD0453'),
('L012', 'BD0454'),
('L012', 'BD0455'),
('L012', 'BD0456'),
('L012', 'BD0457'),
('L012', 'BD0458'),
('L012', 'BD0459'),
('L012', 'BD0460'),
('L012', 'BD0461'),
('L012', 'BD0462'),
('L012', 'BD0463'),
('L012', 'BD0464'),
('L012', 'BD0465'),
('L012', 'BD0466'),
('L012', 'BD0467'),
('L012', 'BD0468'),
('L012', 'BD0469'),
('L012', 'BD0470'),
('L012', 'BD0471'),
('L012', 'BD0472'),
('L012', 'BD0473'),
('L012', 'BD0474'),
('L012', 'BD0475'),
('L012', 'BD0476'),
('L012', 'BD0477'),
('L012', 'BD0478'),
('L012', 'BD0479'),
('L012', 'BD0480'),
('L013', 'BD0481'),
('L013', 'BD0482'),
('L013', 'BD0483'),
('L013', 'BD0484'),
('L013', 'BD0485'),
('L013', 'BD0486'),
('L013', 'BD0487'),
('L013', 'BD0488'),
('L013', 'BD0489'),
('L013', 'BD0490'),
('L013', 'BD0491'),
('L013', 'BD0492'),
('L013', 'BD0493'),
('L013', 'BD0494'),
('L013', 'BD0495'),
('L013', 'BD0496'),
('L013', 'BD0497'),
('L013', 'BD0498'),
('L013', 'BD0499'),
('L013', 'BD0500'),
('L013', 'BD0501'),
('L013', 'BD0502'),
('L013', 'BD0503'),
('L013', 'BD0504'),
('L013', 'BD0505'),
('L013', 'BD0506'),
('L013', 'BD0507'),
('L013', 'BD0508'),
('L013', 'BD0509'),
('L013', 'BD0510'),
('L013', 'BD0511'),
('L013', 'BD0512'),
('L013', 'BD0513'),
('L013', 'BD0514'),
('L013', 'BD0515'),
('L013', 'BD0516'),
('L013', 'BD0517'),
('L013', 'BD0518'),
('L013', 'BD0519'),
('L013', 'BD0520'),
('L014', 'BD0521'),
('L014', 'BD0522'),
('L014', 'BD0523'),
('L014', 'BD0524'),
('L014', 'BD0525'),
('L014', 'BD0526'),
('L014', 'BD0527'),
('L014', 'BD0528'),
('L014', 'BD0529'),
('L014', 'BD0530'),
('L014', 'BD0531'),
('L014', 'BD0532'),
('L014', 'BD0533'),
('L014', 'BD0534'),
('L014', 'BD0535'),
('L014', 'BD0536'),
('L014', 'BD0537'),
('L014', 'BD0538'),
('L014', 'BD0539'),
('L014', 'BD0540'),
('L014', 'BD0541'),
('L014', 'BD0542'),
('L014', 'BD0543'),
('L014', 'BD0544'),
('L014', 'BD0545'),
('L014', 'BD0546'),
('L014', 'BD0547'),
('L014', 'BD0548'),
('L014', 'BD0549'),
('L014', 'BD0550'),
('L014', 'BD0551'),
('L014', 'BD0552'),
('L014', 'BD0553'),
('L014', 'BD0554'),
('L014', 'BD0555'),
('L014', 'BD0556'),
('L014', 'BD0557'),
('L014', 'BD0558'),
('L014', 'BD0559'),
('L014', 'BD0560'),
('L015', 'BD0561'),
('L015', 'BD0562'),
('L015', 'BD0563'),
('L015', 'BD0564'),
('L015', 'BD0565'),
('L015', 'BD0566'),
('L015', 'BD0567'),
('L015', 'BD0568'),
('L015', 'BD0569'),
('L015', 'BD0570'),
('L015', 'BD0571'),
('L015', 'BD0572'),
('L015', 'BD0573'),
('L015', 'BD0574'),
('L015', 'BD0575'),
('L015', 'BD0576'),
('L015', 'BD0577'),
('L015', 'BD0578'),
('L015', 'BD0579'),
('L015', 'BD0580'),
('L015', 'BD0581'),
('L015', 'BD0582'),
('L015', 'BD0583'),
('L015', 'BD0584'),
('L015', 'BD0585'),
('L015', 'BD0586'),
('L015', 'BD0587'),
('L015', 'BD0588'),
('L015', 'BD0589'),
('L015', 'BD0590'),
('L015', 'BD0591'),
('L015', 'BD0592'),
('L015', 'BD0593'),
('L015', 'BD0594'),
('L015', 'BD0595'),
('L015', 'BD0596'),
('L015', 'BD0597'),
('L015', 'BD0598'),
('L015', 'BD0599'),
('L015', 'BD0600'),
('L016', 'BD0601'),
('L016', 'BD0602'),
('L016', 'BD0603'),
('L016', 'BD0604'),
('L016', 'BD0605'),
('L016', 'BD0606'),
('L016', 'BD0607'),
('L016', 'BD0608'),
('L016', 'BD0609'),
('L016', 'BD0610'),
('L016', 'BD0611'),
('L016', 'BD0612'),
('L016', 'BD0613'),
('L016', 'BD0614'),
('L016', 'BD0615'),
('L016', 'BD0616'),
('L016', 'BD0617'),
('L016', 'BD0618'),
('L016', 'BD0619'),
('L016', 'BD0620'),
('L016', 'BD0621'),
('L016', 'BD0622'),
('L016', 'BD0623'),
('L016', 'BD0624'),
('L016', 'BD0625'),
('L016', 'BD0626'),
('L016', 'BD0627'),
('L016', 'BD0628'),
('L016', 'BD0629'),
('L016', 'BD0630'),
('L016', 'BD0631'),
('L016', 'BD0632'),
('L016', 'BD0633'),
('L016', 'BD0634'),
('L016', 'BD0635'),
('L016', 'BD0636'),
('L016', 'BD0637'),
('L016', 'BD0638'),
('L016', 'BD0639'),
('L016', 'BD0640'),
('L017', 'BD0641'),
('L017', 'BD0642'),
('L017', 'BD0643'),
('L017', 'BD0644'),
('L017', 'BD0645'),
('L017', 'BD0646'),
('L017', 'BD0647'),
('L017', 'BD0648'),
('L017', 'BD0649'),
('L017', 'BD0650'),
('L017', 'BD0651'),
('L017', 'BD0652'),
('L017', 'BD0653'),
('L017', 'BD0654'),
('L017', 'BD0655'),
('L017', 'BD0656'),
('L017', 'BD0657'),
('L017', 'BD0658'),
('L017', 'BD0659'),
('L017', 'BD0660'),
('L017', 'BD0661'),
('L017', 'BD0662'),
('L017', 'BD0663'),
('L017', 'BD0664'),
('L017', 'BD0665'),
('L017', 'BD0666'),
('L017', 'BD0667'),
('L017', 'BD0668'),
('L017', 'BD0669'),
('L017', 'BD0670'),
('L017', 'BD0671'),
('L017', 'BD0672'),
('L017', 'BD0673'),
('L017', 'BD0674'),
('L017', 'BD0675'),
('L017', 'BD0676'),
('L017', 'BD0677'),
('L017', 'BD0678'),
('L017', 'BD0679'),
('L017', 'BD0680'),
('L018', 'BD0681'),
('L018', 'BD0682'),
('L018', 'BD0683'),
('L018', 'BD0684'),
('L018', 'BD0685'),
('L018', 'BD0686'),
('L018', 'BD0687'),
('L018', 'BD0688'),
('L018', 'BD0689'),
('L018', 'BD0690'),
('L018', 'BD0691'),
('L018', 'BD0692'),
('L018', 'BD0693'),
('L018', 'BD0694'),
('L018', 'BD0695'),
('L018', 'BD0696'),
('L018', 'BD0697'),
('L018', 'BD0698'),
('L018', 'BD0699'),
('L018', 'BD0700'),
('L018', 'BD0701'),
('L018', 'BD0702'),
('L018', 'BD0703'),
('L018', 'BD0704'),
('L018', 'BD0705'),
('L018', 'BD0706'),
('L018', 'BD0707'),
('L018', 'BD0708'),
('L018', 'BD0709'),
('L018', 'BD0710'),
('L018', 'BD0711'),
('L018', 'BD0712'),
('L018', 'BD0713'),
('L018', 'BD0714'),
('L018', 'BD0715'),
('L018', 'BD0716'),
('L018', 'BD0717'),
('L018', 'BD0718'),
('L018', 'BD0719'),
('L018', 'BD0720'),
('L019', 'BD0721'),
('L019', 'BD0722'),
('L019', 'BD0723'),
('L019', 'BD0724'),
('L019', 'BD0725'),
('L019', 'BD0726'),
('L019', 'BD0727'),
('L019', 'BD0728'),
('L019', 'BD0729'),
('L019', 'BD0730'),
('L019', 'BD0731'),
('L019', 'BD0732'),
('L019', 'BD0733'),
('L019', 'BD0734'),
('L019', 'BD0735'),
('L019', 'BD0736'),
('L019', 'BD0737'),
('L019', 'BD0738'),
('L019', 'BD0739'),
('L019', 'BD0740'),
('L019', 'BD0741'),
('L019', 'BD0742'),
('L019', 'BD0743'),
('L019', 'BD0744'),
('L019', 'BD0745'),
('L019', 'BD0746'),
('L019', 'BD0747'),
('L019', 'BD0748'),
('L019', 'BD0749'),
('L019', 'BD0750'),
('L019', 'BD0751'),
('L019', 'BD0752'),
('L019', 'BD0753'),
('L019', 'BD0754'),
('L019', 'BD0755'),
('L019', 'BD0756'),
('L019', 'BD0757'),
('L019', 'BD0758'),
('L019', 'BD0759'),
('L019', 'BD0760'),
('L020', 'BD0761'),
('L020', 'BD0762'),
('L020', 'BD0763'),
('L020', 'BD0764'),
('L020', 'BD0765'),
('L020', 'BD0766'),
('L020', 'BD0767'),
('L020', 'BD0768'),
('L020', 'BD0769'),
('L020', 'BD0770'),
('L020', 'BD0771'),
('L020', 'BD0772'),
('L020', 'BD0773'),
('L020', 'BD0774'),
('L020', 'BD0775'),
('L020', 'BD0776'),
('L020', 'BD0777'),
('L020', 'BD0778'),
('L020', 'BD0779'),
('L020', 'BD0780'),
('L020', 'BD0781'),
('L020', 'BD0782'),
('L020', 'BD0783'),
('L020', 'BD0784'),
('L020', 'BD0785'),
('L020', 'BD0786'),
('L020', 'BD0787'),
('L020', 'BD0788'),
('L020', 'BD0789'),
('L020', 'BD0790'),
('L020', 'BD0791'),
('L020', 'BD0792'),
('L020', 'BD0793'),
('L020', 'BD0794'),
('L020', 'BD0795'),
('L020', 'BD0796'),
('L020', 'BD0797'),
('L020', 'BD0798'),
('L020', 'BD0799'),
('L020', 'BD0800'),
('L021', 'BD0801'),
('L021', 'BD0802'),
('L021', 'BD0803'),
('L021', 'BD0804'),
('L021', 'BD0805'),
('L021', 'BD0806'),
('L021', 'BD0807'),
('L021', 'BD0808'),
('L021', 'BD0809'),
('L021', 'BD0810'),
('L021', 'BD0811'),
('L021', 'BD0812'),
('L021', 'BD0813'),
('L021', 'BD0814'),
('L021', 'BD0815'),
('L021', 'BD0816'),
('L021', 'BD0817'),
('L021', 'BD0818'),
('L021', 'BD0819'),
('L021', 'BD0820'),
('L021', 'BD0821'),
('L021', 'BD0822'),
('L021', 'BD0823'),
('L021', 'BD0824'),
('L021', 'BD0825'),
('L021', 'BD0826'),
('L021', 'BD0827'),
('L021', 'BD0828'),
('L021', 'BD0829'),
('L021', 'BD0830'),
('L021', 'BD0831'),
('L021', 'BD0832'),
('L021', 'BD0833'),
('L021', 'BD0834'),
('L021', 'BD0835'),
('L021', 'BD0836'),
('L021', 'BD0837'),
('L021', 'BD0838'),
('L021', 'BD0839'),
('L021', 'BD0840'),
('L022', 'BD0841'),
('L022', 'BD0842'),
('L022', 'BD0843'),
('L022', 'BD0844'),
('L022', 'BD0845'),
('L022', 'BD0846'),
('L022', 'BD0847'),
('L022', 'BD0848'),
('L022', 'BD0849'),
('L022', 'BD0850'),
('L022', 'BD0851'),
('L022', 'BD0852'),
('L022', 'BD0853'),
('L022', 'BD0854'),
('L022', 'BD0855'),
('L022', 'BD0856'),
('L022', 'BD0857'),
('L022', 'BD0858'),
('L022', 'BD0859'),
('L022', 'BD0860'),
('L022', 'BD0861'),
('L022', 'BD0862'),
('L022', 'BD0863'),
('L022', 'BD0864'),
('L022', 'BD0865'),
('L022', 'BD0866'),
('L022', 'BD0867'),
('L022', 'BD0868'),
('L022', 'BD0869'),
('L022', 'BD0870'),
('L022', 'BD0871'),
('L022', 'BD0872'),
('L022', 'BD0873'),
('L022', 'BD0874'),
('L022', 'BD0875'),
('L022', 'BD0876'),
('L022', 'BD0877'),
('L022', 'BD0878'),
('L022', 'BD0879'),
('L022', 'BD0880'),
('L023', 'BD0881'),
('L023', 'BD0882'),
('L023', 'BD0883'),
('L023', 'BD0884'),
('L023', 'BD0885'),
('L023', 'BD0886'),
('L023', 'BD0887'),
('L023', 'BD0888'),
('L023', 'BD0889'),
('L023', 'BD0890'),
('L023', 'BD0891'),
('L023', 'BD0892'),
('L023', 'BD0893'),
('L023', 'BD0894'),
('L023', 'BD0895'),
('L023', 'BD0896'),
('L023', 'BD0897'),
('L023', 'BD0898'),
('L023', 'BD0899'),
('L023', 'BD0900'),
('L023', 'BD0901'),
('L023', 'BD0902'),
('L023', 'BD0903'),
('L023', 'BD0904'),
('L023', 'BD0905'),
('L023', 'BD0906'),
('L023', 'BD0907'),
('L023', 'BD0908'),
('L023', 'BD0909'),
('L023', 'BD0910'),
('L023', 'BD0911'),
('L023', 'BD0912'),
('L023', 'BD0913'),
('L023', 'BD0914'),
('L023', 'BD0915'),
('L023', 'BD0916'),
('L023', 'BD0917'),
('L023', 'BD0918'),
('L023', 'BD0919'),
('L023', 'BD0920'),
('L024', 'BD0921'),
('L024', 'BD0922'),
('L024', 'BD0923'),
('L024', 'BD0924'),
('L024', 'BD0925'),
('L024', 'BD0926'),
('L024', 'BD0927'),
('L024', 'BD0928'),
('L024', 'BD0929'),
('L024', 'BD0930'),
('L024', 'BD0931'),
('L024', 'BD0932'),
('L024', 'BD0933'),
('L024', 'BD0934'),
('L024', 'BD0935'),
('L024', 'BD0936'),
('L024', 'BD0937'),
('L024', 'BD0938'),
('L024', 'BD0939'),
('L024', 'BD0940'),
('L024', 'BD0941'),
('L024', 'BD0942'),
('L024', 'BD0943'),
('L024', 'BD0944'),
('L024', 'BD0945'),
('L024', 'BD0946'),
('L024', 'BD0947'),
('L024', 'BD0948'),
('L024', 'BD0949'),
('L024', 'BD0950'),
('L024', 'BD0951'),
('L024', 'BD0952'),
('L024', 'BD0953'),
('L024', 'BD0954'),
('L024', 'BD0955'),
('L024', 'BD0956'),
('L024', 'BD0957'),
('L024', 'BD0958'),
('L024', 'BD0959'),
('L024', 'BD0960'),
('L025', 'BD0961'),
('L025', 'BD0962'),
('L025', 'BD0963'),
('L025', 'BD0964'),
('L025', 'BD0965'),
('L025', 'BD0966'),
('L025', 'BD0967'),
('L025', 'BD0968'),
('L025', 'BD0969'),
('L025', 'BD0970'),
('L025', 'BD0971'),
('L025', 'BD0972'),
('L025', 'BD0973'),
('L025', 'BD0974'),
('L025', 'BD0975'),
('L025', 'BD0976'),
('L025', 'BD0977'),
('L025', 'BD0978'),
('L025', 'BD0979'),
('L025', 'BD0980'),
('L025', 'BD0981'),
('L025', 'BD0982'),
('L025', 'BD0983'),
('L025', 'BD0984'),
('L025', 'BD0985'),
('L025', 'BD0986'),
('L025', 'BD0987'),
('L025', 'BD0988'),
('L025', 'BD0989'),
('L025', 'BD0990'),
('L025', 'BD0991'),
('L025', 'BD0992'),
('L025', 'BD0993'),
('L025', 'BD0994'),
('L025', 'BD0995'),
('L025', 'BD0996'),
('L025', 'BD0997'),
('L025', 'BD0998'),
('L025', 'BD0999'),
('L025', 'BD1000'),
('L026', 'BD1001'),
('L026', 'BD1002'),
('L026', 'BD1003'),
('L026', 'BD1004'),
('L026', 'BD1005'),
('L026', 'BD1006'),
('L026', 'BD1007'),
('L026', 'BD1008'),
('L026', 'BD1009'),
('L026', 'BD1010'),
('L026', 'BD1011'),
('L026', 'BD1012'),
('L026', 'BD1013'),
('L026', 'BD1014'),
('L026', 'BD1015'),
('L026', 'BD1016'),
('L026', 'BD1017'),
('L026', 'BD1018'),
('L026', 'BD1019'),
('L026', 'BD1020'),
('L026', 'BD1021'),
('L026', 'BD1022'),
('L026', 'BD1023'),
('L026', 'BD1024'),
('L026', 'BD1025'),
('L026', 'BD1026'),
('L026', 'BD1027'),
('L026', 'BD1028'),
('L026', 'BD1029'),
('L026', 'BD1030'),
('L026', 'BD1031'),
('L026', 'BD1032'),
('L026', 'BD1033'),
('L026', 'BD1034'),
('L026', 'BD1035'),
('L026', 'BD1036'),
('L026', 'BD1037'),
('L026', 'BD1038'),
('L026', 'BD1039'),
('L026', 'BD1040'),
('L027', 'BD1041'),
('L027', 'BD1042'),
('L027', 'BD1043'),
('L027', 'BD1044'),
('L027', 'BD1045'),
('L027', 'BD1046'),
('L027', 'BD1047'),
('L027', 'BD1048'),
('L027', 'BD1049'),
('L027', 'BD1050'),
('L027', 'BD1051'),
('L027', 'BD1052'),
('L027', 'BD1053'),
('L027', 'BD1054'),
('L027', 'BD1055'),
('L027', 'BD1056'),
('L027', 'BD1057'),
('L027', 'BD1058'),
('L027', 'BD1059'),
('L027', 'BD1060'),
('L027', 'BD1061'),
('L027', 'BD1062'),
('L027', 'BD1063'),
('L027', 'BD1064'),
('L027', 'BD1065'),
('L027', 'BD1066'),
('L027', 'BD1067'),
('L027', 'BD1068'),
('L027', 'BD1069'),
('L027', 'BD1070'),
('L027', 'BD1071'),
('L027', 'BD1072'),
('L027', 'BD1073'),
('L027', 'BD1074'),
('L027', 'BD1075'),
('L027', 'BD1076'),
('L027', 'BD1077'),
('L027', 'BD1078'),
('L027', 'BD1079'),
('L027', 'BD1080'),
('L028', 'BD1081'),
('L028', 'BD1082'),
('L028', 'BD1083'),
('L028', 'BD1084'),
('L028', 'BD1085'),
('L028', 'BD1086'),
('L028', 'BD1087'),
('L028', 'BD1088'),
('L028', 'BD1089'),
('L028', 'BD1090'),
('L028', 'BD1091'),
('L028', 'BD1092'),
('L028', 'BD1093'),
('L028', 'BD1094'),
('L028', 'BD1095'),
('L028', 'BD1096'),
('L028', 'BD1097'),
('L028', 'BD1098'),
('L028', 'BD1099'),
('L028', 'BD1100'),
('L028', 'BD1101'),
('L028', 'BD1102'),
('L028', 'BD1103'),
('L028', 'BD1104'),
('L028', 'BD1105'),
('L028', 'BD1106'),
('L028', 'BD1107'),
('L028', 'BD1108'),
('L028', 'BD1109'),
('L028', 'BD1110'),
('L028', 'BD1111'),
('L028', 'BD1112'),
('L028', 'BD1113'),
('L028', 'BD1114'),
('L028', 'BD1115'),
('L028', 'BD1116'),
('L028', 'BD1117'),
('L028', 'BD1118'),
('L028', 'BD1119'),
('L028', 'BD1120'),
('L029', 'BD1121'),
('L029', 'BD1122'),
('L029', 'BD1123'),
('L029', 'BD1124'),
('L029', 'BD1125'),
('L029', 'BD1126'),
('L029', 'BD1127'),
('L029', 'BD1128'),
('L029', 'BD1129'),
('L029', 'BD1130'),
('L029', 'BD1131'),
('L029', 'BD1132'),
('L029', 'BD1133'),
('L029', 'BD1134'),
('L029', 'BD1135'),
('L029', 'BD1136'),
('L029', 'BD1137'),
('L029', 'BD1138'),
('L029', 'BD1139'),
('L029', 'BD1140'),
('L029', 'BD1141'),
('L029', 'BD1142'),
('L029', 'BD1143'),
('L029', 'BD1144'),
('L029', 'BD1145'),
('L029', 'BD1146'),
('L029', 'BD1147'),
('L029', 'BD1148'),
('L029', 'BD1149'),
('L029', 'BD1150'),
('L029', 'BD1151'),
('L029', 'BD1152'),
('L029', 'BD1153'),
('L029', 'BD1154'),
('L029', 'BD1155'),
('L029', 'BD1156'),
('L029', 'BD1157'),
('L029', 'BD1158'),
('L029', 'BD1159'),
('L029', 'BD1160'),
('L030', 'BD1161'),
('L030', 'BD1162'),
('L030', 'BD1163'),
('L030', 'BD1164'),
('L030', 'BD1165'),
('L030', 'BD1166'),
('L030', 'BD1167'),
('L030', 'BD1168'),
('L030', 'BD1169'),
('L030', 'BD1170'),
('L030', 'BD1171'),
('L030', 'BD1172'),
('L030', 'BD1173'),
('L030', 'BD1174'),
('L030', 'BD1175'),
('L030', 'BD1176'),
('L030', 'BD1177'),
('L030', 'BD1178'),
('L030', 'BD1179'),
('L030', 'BD1180'),
('L030', 'BD1181'),
('L030', 'BD1182'),
('L030', 'BD1183'),
('L030', 'BD1184'),
('L030', 'BD1185'),
('L030', 'BD1186'),
('L030', 'BD1187'),
('L030', 'BD1188'),
('L030', 'BD1189'),
('L030', 'BD1190'),
('L030', 'BD1191'),
('L030', 'BD1192'),
('L030', 'BD1193'),
('L030', 'BD1194'),
('L030', 'BD1195'),
('L030', 'BD1196'),
('L030', 'BD1197'),
('L030', 'BD1198'),
('L030', 'BD1199'),
('L030', 'BD1200'),
('L031', 'BD1201'),
('L031', 'BD1202'),
('L031', 'BD1203'),
('L031', 'BD1204'),
('L031', 'BD1205'),
('L031', 'BD1206'),
('L031', 'BD1207'),
('L031', 'BD1208'),
('L031', 'BD1209'),
('L031', 'BD1210'),
('L031', 'BD1211'),
('L031', 'BD1212'),
('L031', 'BD1213'),
('L031', 'BD1214'),
('L031', 'BD1215'),
('L031', 'BD1216'),
('L031', 'BD1217'),
('L031', 'BD1218'),
('L031', 'BD1219'),
('L031', 'BD1220'),
('L031', 'BD1221'),
('L031', 'BD1222'),
('L031', 'BD1223'),
('L031', 'BD1224'),
('L031', 'BD1225'),
('L031', 'BD1226'),
('L031', 'BD1227'),
('L031', 'BD1228'),
('L031', 'BD1229'),
('L031', 'BD1230'),
('L031', 'BD1231'),
('L031', 'BD1232'),
('L031', 'BD1233'),
('L031', 'BD1234'),
('L031', 'BD1235'),
('L031', 'BD1236'),
('L031', 'BD1237'),
('L031', 'BD1238'),
('L031', 'BD1239'),
('L031', 'BD1240'),
('L032', 'BD1241'),
('L032', 'BD1242'),
('L032', 'BD1243'),
('L032', 'BD1244'),
('L032', 'BD1245'),
('L032', 'BD1246'),
('L032', 'BD1247'),
('L032', 'BD1248'),
('L032', 'BD1249'),
('L032', 'BD1250'),
('L032', 'BD1251'),
('L032', 'BD1252'),
('L032', 'BD1253'),
('L032', 'BD1254'),
('L032', 'BD1255'),
('L032', 'BD1256'),
('L032', 'BD1257'),
('L032', 'BD1258'),
('L032', 'BD1259'),
('L032', 'BD1260'),
('L032', 'BD1261'),
('L032', 'BD1262'),
('L032', 'BD1263'),
('L032', 'BD1264'),
('L032', 'BD1265'),
('L032', 'BD1266'),
('L032', 'BD1267'),
('L032', 'BD1268'),
('L032', 'BD1269'),
('L032', 'BD1270'),
('L032', 'BD1271'),
('L032', 'BD1272'),
('L032', 'BD1273'),
('L032', 'BD1274'),
('L032', 'BD1275'),
('L032', 'BD1276'),
('L032', 'BD1277'),
('L032', 'BD1278'),
('L032', 'BD1279'),
('L032', 'BD1280'),
('L033', 'BD1281'),
('L033', 'BD1282'),
('L033', 'BD1283'),
('L033', 'BD1284'),
('L033', 'BD1285'),
('L033', 'BD1286'),
('L033', 'BD1287'),
('L033', 'BD1288'),
('L033', 'BD1289'),
('L033', 'BD1290'),
('L033', 'BD1291'),
('L033', 'BD1292'),
('L033', 'BD1293'),
('L033', 'BD1294'),
('L033', 'BD1295'),
('L033', 'BD1296'),
('L033', 'BD1297'),
('L033', 'BD1298'),
('L033', 'BD1299'),
('L033', 'BD1300'),
('L033', 'BD1301'),
('L033', 'BD1302'),
('L033', 'BD1303'),
('L033', 'BD1304'),
('L033', 'BD1305'),
('L033', 'BD1306'),
('L033', 'BD1307'),
('L033', 'BD1308'),
('L033', 'BD1309'),
('L033', 'BD1310'),
('L033', 'BD1311'),
('L033', 'BD1312'),
('L033', 'BD1313'),
('L033', 'BD1314'),
('L033', 'BD1315'),
('L033', 'BD1316'),
('L033', 'BD1317'),
('L033', 'BD1318'),
('L033', 'BD1319'),
('L033', 'BD1320'),
('L034', 'BD1321'),
('L034', 'BD1322'),
('L034', 'BD1323'),
('L034', 'BD1324'),
('L034', 'BD1325'),
('L034', 'BD1326'),
('L034', 'BD1327'),
('L034', 'BD1328'),
('L034', 'BD1329'),
('L034', 'BD1330'),
('L034', 'BD1331'),
('L034', 'BD1332'),
('L034', 'BD1333'),
('L034', 'BD1334'),
('L034', 'BD1335'),
('L034', 'BD1336'),
('L034', 'BD1337'),
('L034', 'BD1338'),
('L034', 'BD1339'),
('L034', 'BD1340'),
('L034', 'BD1341'),
('L034', 'BD1342'),
('L034', 'BD1343'),
('L034', 'BD1344'),
('L034', 'BD1345'),
('L034', 'BD1346'),
('L034', 'BD1347'),
('L034', 'BD1348'),
('L034', 'BD1349'),
('L034', 'BD1350'),
('L034', 'BD1351'),
('L034', 'BD1352'),
('L034', 'BD1353'),
('L034', 'BD1354'),
('L034', 'BD1355'),
('L034', 'BD1356'),
('L034', 'BD1357'),
('L034', 'BD1358'),
('L034', 'BD1359'),
('L034', 'BD1360'),
('L035', 'BD1361'),
('L035', 'BD1362'),
('L035', 'BD1363'),
('L035', 'BD1364'),
('L035', 'BD1365'),
('L035', 'BD1366'),
('L035', 'BD1367'),
('L035', 'BD1368'),
('L035', 'BD1369'),
('L035', 'BD1370'),
('L035', 'BD1371'),
('L035', 'BD1372'),
('L035', 'BD1373'),
('L035', 'BD1374'),
('L035', 'BD1375'),
('L035', 'BD1376'),
('L035', 'BD1377'),
('L035', 'BD1378'),
('L035', 'BD1379'),
('L035', 'BD1380'),
('L035', 'BD1381'),
('L035', 'BD1382'),
('L035', 'BD1383'),
('L035', 'BD1384'),
('L035', 'BD1385'),
('L035', 'BD1386'),
('L035', 'BD1387'),
('L035', 'BD1388'),
('L035', 'BD1389'),
('L035', 'BD1390'),
('L035', 'BD1391'),
('L035', 'BD1392'),
('L035', 'BD1393'),
('L035', 'BD1394'),
('L035', 'BD1395'),
('L035', 'BD1396'),
('L035', 'BD1397'),
('L035', 'BD1398'),
('L035', 'BD1399'),
('L035', 'BD1400'),
('L036', 'BD1401'),
('L036', 'BD1402'),
('L036', 'BD1403'),
('L036', 'BD1404'),
('L036', 'BD1405'),
('L036', 'BD1406'),
('L036', 'BD1407'),
('L036', 'BD1408'),
('L036', 'BD1409'),
('L036', 'BD1410'),
('L036', 'BD1411'),
('L036', 'BD1412'),
('L036', 'BD1413'),
('L036', 'BD1414'),
('L036', 'BD1415'),
('L036', 'BD1416'),
('L036', 'BD1417'),
('L036', 'BD1418'),
('L036', 'BD1419'),
('L036', 'BD1420'),
('L036', 'BD1421'),
('L036', 'BD1422'),
('L036', 'BD1423'),
('L036', 'BD1424'),
('L036', 'BD1425'),
('L036', 'BD1426'),
('L036', 'BD1427'),
('L036', 'BD1428'),
('L036', 'BD1429'),
('L036', 'BD1430'),
('L036', 'BD1431'),
('L036', 'BD1432'),
('L036', 'BD1433'),
('L036', 'BD1434'),
('L036', 'BD1435'),
('L036', 'BD1436'),
('L036', 'BD1437'),
('L036', 'BD1438'),
('L036', 'BD1439'),
('L036', 'BD1440'),
('L037', 'BD1441'),
('L037', 'BD1442'),
('L037', 'BD1443'),
('L037', 'BD1444'),
('L037', 'BD1445'),
('L037', 'BD1446'),
('L037', 'BD1447'),
('L037', 'BD1448'),
('L037', 'BD1449'),
('L037', 'BD1450'),
('L037', 'BD1451'),
('L037', 'BD1452'),
('L037', 'BD1453'),
('L037', 'BD1454'),
('L037', 'BD1455'),
('L037', 'BD1456'),
('L037', 'BD1457'),
('L037', 'BD1458'),
('L037', 'BD1459'),
('L037', 'BD1460'),
('L037', 'BD1461'),
('L037', 'BD1462'),
('L037', 'BD1463'),
('L037', 'BD1464'),
('L037', 'BD1465'),
('L037', 'BD1466'),
('L037', 'BD1467'),
('L037', 'BD1468'),
('L037', 'BD1469'),
('L037', 'BD1470'),
('L037', 'BD1471'),
('L037', 'BD1472'),
('L037', 'BD1473'),
('L037', 'BD1474'),
('L037', 'BD1475'),
('L037', 'BD1476'),
('L037', 'BD1477'),
('L037', 'BD1478'),
('L037', 'BD1479'),
('L037', 'BD1480'),
('L038', 'BD1481'),
('L038', 'BD1482'),
('L038', 'BD1483'),
('L038', 'BD1484'),
('L038', 'BD1485'),
('L038', 'BD1486'),
('L038', 'BD1487'),
('L038', 'BD1488'),
('L038', 'BD1489'),
('L038', 'BD1490'),
('L038', 'BD1491'),
('L038', 'BD1492'),
('L038', 'BD1493'),
('L038', 'BD1494'),
('L038', 'BD1495'),
('L038', 'BD1496'),
('L038', 'BD1497'),
('L038', 'BD1498'),
('L038', 'BD1499'),
('L038', 'BD1500'),
('L038', 'BD1501'),
('L038', 'BD1502'),
('L038', 'BD1503'),
('L038', 'BD1504'),
('L038', 'BD1505'),
('L038', 'BD1506'),
('L038', 'BD1507'),
('L038', 'BD1508'),
('L038', 'BD1509'),
('L038', 'BD1510'),
('L038', 'BD1511'),
('L038', 'BD1512'),
('L038', 'BD1513'),
('L038', 'BD1514'),
('L038', 'BD1515'),
('L038', 'BD1516'),
('L038', 'BD1517'),
('L038', 'BD1518'),
('L038', 'BD1519'),
('L038', 'BD1520'),
('L039', 'BD1521'),
('L039', 'BD1522'),
('L039', 'BD1523'),
('L039', 'BD1524'),
('L039', 'BD1525'),
('L039', 'BD1526'),
('L039', 'BD1527'),
('L039', 'BD1528'),
('L039', 'BD1529'),
('L039', 'BD1530'),
('L039', 'BD1531'),
('L039', 'BD1532'),
('L039', 'BD1533'),
('L039', 'BD1534'),
('L039', 'BD1535'),
('L039', 'BD1536'),
('L039', 'BD1537'),
('L039', 'BD1538'),
('L039', 'BD1539'),
('L039', 'BD1540'),
('L039', 'BD1541'),
('L039', 'BD1542'),
('L039', 'BD1543'),
('L039', 'BD1544'),
('L039', 'BD1545'),
('L039', 'BD1546'),
('L039', 'BD1547'),
('L039', 'BD1548'),
('L039', 'BD1549'),
('L039', 'BD1550'),
('L039', 'BD1551'),
('L039', 'BD1552'),
('L039', 'BD1553'),
('L039', 'BD1554'),
('L039', 'BD1555'),
('L039', 'BD1556'),
('L039', 'BD1557'),
('L039', 'BD1558'),
('L039', 'BD1559'),
('L039', 'BD1560'),
('L040', 'BD1561'),
('L040', 'BD1562'),
('L040', 'BD1563'),
('L040', 'BD1564'),
('L040', 'BD1565'),
('L040', 'BD1566'),
('L040', 'BD1567'),
('L040', 'BD1568'),
('L040', 'BD1569'),
('L040', 'BD1570'),
('L040', 'BD1571'),
('L040', 'BD1572'),
('L040', 'BD1573'),
('L040', 'BD1574'),
('L040', 'BD1575'),
('L040', 'BD1576'),
('L040', 'BD1577'),
('L040', 'BD1578'),
('L040', 'BD1579'),
('L040', 'BD1580'),
('L040', 'BD1581'),
('L040', 'BD1582'),
('L040', 'BD1583'),
('L040', 'BD1584'),
('L040', 'BD1585'),
('L040', 'BD1586'),
('L040', 'BD1587'),
('L040', 'BD1588'),
('L040', 'BD1589'),
('L040', 'BD1590'),
('L040', 'BD1591'),
('L040', 'BD1592'),
('L040', 'BD1593'),
('L040', 'BD1594'),
('L040', 'BD1595'),
('L040', 'BD1596'),
('L040', 'BD1597'),
('L040', 'BD1598'),
('L040', 'BD1599'),
('L040', 'BD1600');

-- Insert data for Book_Details_Returned
INSERT INTO Book_Details_Returned (ID_Payment_slip, ID_Book, status, penalty_fee)
VALUES
('P001', 'BD0001', 1, 0),
('P001', 'BD0002', 1, 0),
('P001', 'BD0003', 1, 0),
('P001', 'BD0004', 1, 0),
('P001', 'BD0005', 1, 0),
('P001', 'BD0006', 1, 0),
('P001', 'BD0007', 1, 0),
('P001', 'BD0008', 1, 0),
('P001', 'BD0009', 1, 0),
('P001', 'BD0010', 1, 0),
('P001', 'BD0011', 1, 0),
('P001', 'BD0012', 1, 0),
('P001', 'BD0013', 1, 0),
('P001', 'BD0014', 1, 0),
('P001', 'BD0015', 1, 0),
('P001', 'BD0016', 1, 0),
('P001', 'BD0017', 1, 0),
('P001', 'BD0018', 1, 0),
('P001', 'BD0019', 1, 0),
('P001', 'BD0020', 1, 0),
('P001', 'BD0021', 1, 0),
('P001', 'BD0022', 1, 0),
('P001', 'BD0023', 1, 0),
('P001', 'BD0024', 1, 0),
('P001', 'BD0025', 1, 0),
('P001', 'BD0026', 1, 0),
('P001', 'BD0027', 1, 0),
('P001', 'BD0028', 1, 0),
('P001', 'BD0029', 1, 0),
('P001', 'BD0030', 1, 0),
('P001', 'BD0031', 1, 0),
('P001', 'BD0032', 1, 0),
('P001', 'BD0033', 1, 0),
('P001', 'BD0034', 1, 0),
('P001', 'BD0035', 1, 0),
('P001', 'BD0036', 1, 0),
('P001', 'BD0037', 1, 0),
('P001', 'BD0038', 1, 0),
('P001', 'BD0039', 1, 0),
('P001', 'BD0040', 1, 0),
('P002', 'BD0041', 0, 10000),
('P002', 'BD0042', 0, 10000),
('P002', 'BD0043', 0, 10000),
('P002', 'BD0044', 0, 10000),
('P002', 'BD0045', 0, 10000),
('P002', 'BD0046', 0, 10000),
('P002', 'BD0047', 0, 10000),
('P002', 'BD0048', 0, 10000),
('P002', 'BD0049', 0, 10000),
('P002', 'BD0050', 0, 10000),
('P002', 'BD0051', 0, 10000),
('P002', 'BD0052', 0, 10000),
('P002', 'BD0053', 0, 10000),
('P002', 'BD0054', 0, 10000),
('P002', 'BD0055', 0, 10000),
('P002', 'BD0056', 0, 10000),
('P002', 'BD0057', 0, 10000),
('P002', 'BD0058', 0, 10000),
('P002', 'BD0059', 0, 10000),
('P002', 'BD0060', 0, 10000),
('P002', 'BD0061', 0, 10000),
('P002', 'BD0062', 0, 10000),
('P002', 'BD0063', 0, 10000),
('P002', 'BD0064', 0, 10000),
('P002', 'BD0065', 0, 10000),
('P002', 'BD0066', 0, 10000),
('P002', 'BD0067', 0, 10000),
('P002', 'BD0068', 0, 10000),
('P002', 'BD0069', 0, 10000),
('P002', 'BD0070', 0, 10000),
('P002', 'BD0071', 0, 10000),
('P002', 'BD0072', 0, 10000),
('P002', 'BD0073', 0, 10000),
('P002', 'BD0074', 0, 10000),
('P002', 'BD0075', 0, 10000),
('P002', 'BD0076', 0, 10000),
('P002', 'BD0077', 0, 10000),
('P002', 'BD0078', 0, 10000),
('P002', 'BD0079', 0, 10000),
('P002', 'BD0080', 0, 10000),
('P003', 'BD0081', 1, 0),
('P003', 'BD0082', 1, 0),
('P003', 'BD0083', 1, 0),
('P003', 'BD0084', 1, 0),
('P003', 'BD0085', 1, 0),
('P003', 'BD0086', 1, 0),
('P003', 'BD0087', 1, 0),
('P003', 'BD0088', 1, 0),
('P003', 'BD0089', 1, 0),
('P003', 'BD0090', 1, 0),
('P003', 'BD0091', 1, 0),
('P003', 'BD0092', 1, 0),
('P003', 'BD0093', 1, 0),
('P003', 'BD0094', 1, 0),
('P003', 'BD0095', 1, 0),
('P003', 'BD0096', 1, 0),
('P003', 'BD0097', 1, 0),
('P003', 'BD0098', 1, 0),
('P003', 'BD0099', 1, 0),
('P003', 'BD0100', 1, 0),
('P003', 'BD0101', 1, 0),
('P003', 'BD0102', 1, 0),
('P003', 'BD0103', 1, 0),
('P003', 'BD0104', 1, 0),
('P003', 'BD0105', 1, 0),
('P003', 'BD0106', 1, 0),
('P003', 'BD0107', 1, 0),
('P003', 'BD0108', 1, 0),
('P003', 'BD0109', 1, 0),
('P003', 'BD0110', 1, 0),
('P003', 'BD0111', 1, 0),
('P003', 'BD0112', 1, 0),
('P003', 'BD0113', 1, 0),
('P003', 'BD0114', 1, 0),
('P003', 'BD0115', 1, 0),
('P003', 'BD0116', 1, 0),
('P003', 'BD0117', 1, 0),
('P003', 'BD0118', 1, 0),
('P003', 'BD0119', 1, 0),
('P003', 'BD0120', 1, 0),
('P004', 'BD0121', 1, 0),
('P004', 'BD0122', 1, 0),
('P004', 'BD0123', 1, 0),
('P004', 'BD0124', 1, 0),
('P004', 'BD0125', 1, 0),
('P004', 'BD0126', 1, 0),
('P004', 'BD0127', 1, 0),
('P004', 'BD0128', 1, 0),
('P004', 'BD0129', 1, 0),
('P004', 'BD0130', 1, 0),
('P004', 'BD0131', 1, 0),
('P004', 'BD0132', 1, 0),
('P004', 'BD0133', 1, 0),
('P004', 'BD0134', 1, 0),
('P004', 'BD0135', 1, 0),
('P004', 'BD0136', 1, 0),
('P004', 'BD0137', 1, 0),
('P004', 'BD0138', 1, 0),
('P004', 'BD0139', 1, 0),
('P004', 'BD0140', 1, 0),
('P004', 'BD0141', 1, 0),
('P004', 'BD0142', 1, 0),
('P004', 'BD0143', 1, 0),
('P004', 'BD0144', 1, 0),
('P004', 'BD0145', 1, 0),
('P004', 'BD0146', 1, 0),
('P004', 'BD0147', 1, 0),
('P004', 'BD0148', 1, 0),
('P004', 'BD0149', 1, 0),
('P004', 'BD0150', 1, 0),
('P004', 'BD0151', 1, 0),
('P004', 'BD0152', 1, 0),
('P004', 'BD0153', 1, 0),
('P004', 'BD0154', 1, 0),
('P004', 'BD0155', 1, 0),
('P004', 'BD0156', 1, 0),
('P004', 'BD0157', 1, 0),
('P004', 'BD0158', 1, 0),
('P004', 'BD0159', 1, 0),
('P004', 'BD0160', 1, 0),
('P005', 'BD0161', 0, 5000),
('P005', 'BD0162', 0, 5000),
('P005', 'BD0163', 0, 5000),
('P005', 'BD0164', 0, 5000),
('P005', 'BD0165', 0, 5000),
('P005', 'BD0166', 0, 5000),
('P005', 'BD0167', 0, 5000),
('P005', 'BD0168', 0, 5000),
('P005', 'BD0169', 0, 5000),
('P005', 'BD0170', 0, 5000),
('P005', 'BD0171', 0, 5000),
('P005', 'BD0172', 0, 5000),
('P005', 'BD0173', 0, 5000),
('P005', 'BD0174', 0, 5000),
('P005', 'BD0175', 0, 5000),
('P005', 'BD0176', 0, 5000),
('P005', 'BD0177', 0, 5000),
('P005', 'BD0178', 0, 5000),
('P005', 'BD0179', 0, 5000),
('P005', 'BD0180', 0, 5000),
('P005', 'BD0181', 0, 5000),
('P005', 'BD0182', 0, 5000),
('P005', 'BD0183', 0, 5000),
('P005', 'BD0184', 0, 5000),
('P005', 'BD0185', 0, 5000),
('P005', 'BD0186', 0, 5000),
('P005', 'BD0187', 0, 5000),
('P005', 'BD0188', 0, 5000),
('P005', 'BD0189', 0, 5000),
('P005', 'BD0190', 0, 5000),
('P005', 'BD0191', 0, 5000),
('P005', 'BD0192', 0, 5000),
('P005', 'BD0193', 0, 5000),
('P005', 'BD0194', 0, 5000),
('P005', 'BD0195', 0, 5000),
('P005', 'BD0196', 0, 5000),
('P005', 'BD0197', 0, 5000),
('P005', 'BD0198', 0, 5000),
('P005', 'BD0199', 0, 5000),
('P005', 'BD0200', 0, 5000),
('P006', 'BD0201', 1, 0),
('P006', 'BD0202', 1, 0),
('P006', 'BD0203', 1, 0),
('P006', 'BD0204', 1, 0),
('P006', 'BD0205', 1, 0),
('P006', 'BD0206', 1, 0),
('P006', 'BD0207', 1, 0),
('P006', 'BD0208', 1, 0),
('P006', 'BD0209', 1, 0),
('P006', 'BD0210', 1, 0),
('P006', 'BD0211', 1, 0),
('P006', 'BD0212', 1, 0),
('P006', 'BD0213', 1, 0),
('P006', 'BD0214', 1, 0),
('P006', 'BD0215', 1, 0),
('P006', 'BD0216', 1, 0),
('P006', 'BD0217', 1, 0),
('P006', 'BD0218', 1, 0),
('P006', 'BD0219', 1, 0),
('P006', 'BD0220', 1, 0),
('P006', 'BD0221', 1, 0),
('P006', 'BD0222', 1, 0),
('P006', 'BD0223', 1, 0),
('P006', 'BD0224', 1, 0),
('P006', 'BD0225', 1, 0),
('P006', 'BD0226', 1, 0),
('P006', 'BD0227', 1, 0),
('P006', 'BD0228', 1, 0),
('P006', 'BD0229', 1, 0),
('P006', 'BD0230', 1, 0),
('P006', 'BD0231', 1, 0),
('P006', 'BD0232', 1, 0),
('P006', 'BD0233', 1, 0),
('P006', 'BD0234', 1, 0),
('P006', 'BD0235', 1, 0),
('P006', 'BD0236', 1, 0),
('P006', 'BD0237', 1, 0),
('P006', 'BD0238', 1, 0),
('P006', 'BD0239', 1, 0),
('P006', 'BD0240', 1, 0),
('P007', 'BD0241', 0, 20000),
('P007', 'BD0242', 0, 20000),
('P007', 'BD0243', 0, 20000),
('P007', 'BD0244', 0, 20000),
('P007', 'BD0245', 0, 20000),
('P007', 'BD0246', 0, 20000),
('P007', 'BD0247', 0, 20000),
('P007', 'BD0248', 0, 20000),
('P007', 'BD0249', 0, 20000),
('P007', 'BD0250', 0, 20000),
('P007', 'BD0251', 0, 20000),
('P007', 'BD0252', 0, 20000),
('P007', 'BD0253', 0, 20000),
('P007', 'BD0254', 0, 20000),
('P007', 'BD0255', 0, 20000),
('P007', 'BD0256', 0, 20000),
('P007', 'BD0257', 0, 20000),
('P007', 'BD0258', 0, 20000),
('P007', 'BD0259', 0, 20000),
('P007', 'BD0260', 0, 20000),
('P007', 'BD0261', 0, 20000),
('P007', 'BD0262', 0, 20000),
('P007', 'BD0263', 0, 20000),
('P007', 'BD0264', 0, 20000),
('P007', 'BD0265', 0, 20000),
('P007', 'BD0266', 0, 20000),
('P007', 'BD0267', 0, 20000),
('P007', 'BD0268', 0, 20000),
('P007', 'BD0269', 0, 20000),
('P007', 'BD0270', 0, 20000),
('P007', 'BD0271', 0, 20000),
('P007', 'BD0272', 0, 20000),
('P007', 'BD0273', 0, 20000),
('P007', 'BD0274', 0, 20000),
('P007', 'BD0275', 0, 20000),
('P007', 'BD0276', 0, 20000),
('P007', 'BD0277', 0, 20000),
('P007', 'BD0278', 0, 20000),
('P007', 'BD0279', 0, 20000),
('P007', 'BD0280', 0, 20000),
('P008', 'BD0281', 1, 0),
('P008', 'BD0282', 1, 0),
('P008', 'BD0283', 1, 0),
('P008', 'BD0284', 1, 0),
('P008', 'BD0285', 1, 0),
('P008', 'BD0286', 1, 0),
('P008', 'BD0287', 1, 0),
('P008', 'BD0288', 1, 0),
('P008', 'BD0289', 1, 0),
('P008', 'BD0290', 1, 0),
('P008', 'BD0291', 1, 0),
('P008', 'BD0292', 1, 0),
('P008', 'BD0293', 1, 0),
('P008', 'BD0294', 1, 0),
('P008', 'BD0295', 1, 0),
('P008', 'BD0296', 1, 0),
('P008', 'BD0297', 1, 0),
('P008', 'BD0298', 1, 0),
('P008', 'BD0299', 1, 0),
('P008', 'BD0300', 1, 0),
('P008', 'BD0301', 1, 0),
('P008', 'BD0302', 1, 0),
('P008', 'BD0303', 1, 0),
('P008', 'BD0304', 1, 0),
('P008', 'BD0305', 1, 0),
('P008', 'BD0306', 1, 0),
('P008', 'BD0307', 1, 0),
('P008', 'BD0308', 1, 0),
('P008', 'BD0309', 1, 0),
('P008', 'BD0310', 1, 0),
('P008', 'BD0311', 1, 0),
('P008', 'BD0312', 1, 0),
('P008', 'BD0313', 1, 0),
('P008', 'BD0314', 1, 0),
('P008', 'BD0315', 1, 0),
('P008', 'BD0316', 1, 0),
('P008', 'BD0317', 1, 0),
('P008', 'BD0318', 1, 0),
('P008', 'BD0319', 1, 0),
('P008', 'BD0320', 1, 0),
('P009', 'BD0321', 1, 0),
('P009', 'BD0322', 1, 0),
('P009', 'BD0323', 1, 0),
('P009', 'BD0324', 1, 0),
('P009', 'BD0325', 1, 0),
('P009', 'BD0326', 1, 0),
('P009', 'BD0327', 1, 0),
('P009', 'BD0328', 1, 0),
('P009', 'BD0329', 1, 0),
('P009', 'BD0330', 1, 0),
('P009', 'BD0331', 1, 0),
('P009', 'BD0332', 1, 0),
('P009', 'BD0333', 1, 0),
('P009', 'BD0334', 1, 0),
('P009', 'BD0335', 1, 0),
('P009', 'BD0336', 1, 0),
('P009', 'BD0337', 1, 0),
('P009', 'BD0338', 1, 0),
('P009', 'BD0339', 1, 0),
('P009', 'BD0340', 1, 0),
('P009', 'BD0341', 1, 0),
('P009', 'BD0342', 1, 0),
('P009', 'BD0343', 1, 0),
('P009', 'BD0344', 1, 0),
('P009', 'BD0345', 1, 0),
('P009', 'BD0346', 1, 0),
('P009', 'BD0347', 1, 0),
('P009', 'BD0348', 1, 0),
('P009', 'BD0349', 1, 0),
('P009', 'BD0350', 1, 0),
('P009', 'BD0351', 1, 0),
('P009', 'BD0352', 1, 0),
('P009', 'BD0353', 1, 0),
('P009', 'BD0354', 1, 0),
('P009', 'BD0355', 1, 0),
('P009', 'BD0356', 1, 0),
('P009', 'BD0357', 1, 0),
('P009', 'BD0358', 1, 0),
('P009', 'BD0359', 1, 0),
('P009', 'BD0360', 1, 0),
('P010', 'BD0361', 0, 15000),
('P010', 'BD0362', 0, 15000),
('P010', 'BD0363', 0, 15000),
('P010', 'BD0364', 0, 15000),
('P010', 'BD0365', 0, 15000),
('P010', 'BD0366', 0, 15000),
('P010', 'BD0367', 0, 15000),
('P010', 'BD0368', 0, 15000),
('P010', 'BD0369', 0, 15000),
('P010', 'BD0370', 0, 15000),
('P010', 'BD0371', 0, 15000),
('P010', 'BD0372', 0, 15000),
('P010', 'BD0373', 0, 15000),
('P010', 'BD0374', 0, 15000),
('P010', 'BD0375', 0, 15000),
('P010', 'BD0376', 0, 15000),
('P010', 'BD0377', 0, 15000),
('P010', 'BD0378', 0, 15000),
('P010', 'BD0379', 0, 15000),
('P010', 'BD0380', 0, 15000),
('P010', 'BD0381', 0, 15000),
('P010', 'BD0382', 0, 15000),
('P010', 'BD0383', 0, 15000),
('P010', 'BD0384', 0, 15000),
('P010', 'BD0385', 0, 15000),
('P010', 'BD0386', 0, 15000),
('P010', 'BD0387', 0, 15000),
('P010', 'BD0388', 0, 15000),
('P010', 'BD0389', 0, 15000),
('P010', 'BD0390', 0, 15000),
('P010', 'BD0391', 0, 15000),
('P010', 'BD0392', 0, 15000),
('P010', 'BD0393', 0, 15000),
('P010', 'BD0394', 0, 15000),
('P010', 'BD0395', 0, 15000),
('P010', 'BD0396', 0, 15000),
('P010', 'BD0397', 0, 15000),
('P010', 'BD0398', 0, 15000),
('P010', 'BD0399', 0, 15000),
('P010', 'BD0400', 0, 15000),
('P011', 'BD0401', 1, 0),
('P011', 'BD0402', 1, 0),
('P011', 'BD0403', 1, 0),
('P011', 'BD0404', 1, 0),
('P011', 'BD0405', 1, 0),
('P011', 'BD0406', 1, 0),
('P011', 'BD0407', 1, 0),
('P011', 'BD0408', 1, 0),
('P011', 'BD0409', 1, 0),
('P011', 'BD0410', 1, 0),
('P011', 'BD0411', 1, 0),
('P011', 'BD0412', 1, 0),
('P011', 'BD0413', 1, 0),
('P011', 'BD0414', 1, 0),
('P011', 'BD0415', 1, 0),
('P011', 'BD0416', 1, 0),
('P011', 'BD0417', 1, 0),
('P011', 'BD0418', 1, 0),
('P011', 'BD0419', 1, 0),
('P011', 'BD0420', 1, 0),
('P011', 'BD0421', 1, 0),
('P011', 'BD0422', 1, 0),
('P011', 'BD0423', 1, 0),
('P011', 'BD0424', 1, 0),
('P011', 'BD0425', 1, 0),
('P011', 'BD0426', 1, 0),
('P011', 'BD0427', 1, 0),
('P011', 'BD0428', 1, 0),
('P011', 'BD0429', 1, 0),
('P011', 'BD0430', 1, 0),
('P011', 'BD0431', 1, 0),
('P011', 'BD0432', 1, 0),
('P011', 'BD0433', 1, 0),
('P011', 'BD0434', 1, 0),
('P011', 'BD0435', 1, 0),
('P011', 'BD0436', 1, 0),
('P011', 'BD0437', 1, 0),
('P011', 'BD0438', 1, 0),
('P011', 'BD0439', 1, 0),
('P011', 'BD0440', 1, 0),
('P012', 'BD0441', 0, 30000),
('P012', 'BD0442', 0, 30000),
('P012', 'BD0443', 0, 30000),
('P012', 'BD0444', 0, 30000),
('P012', 'BD0445', 0, 30000),
('P012', 'BD0446', 0, 30000),
('P012', 'BD0447', 0, 30000),
('P012', 'BD0448', 0, 30000),
('P012', 'BD0449', 0, 30000),
('P012', 'BD0450', 0, 30000),
('P012', 'BD0451', 0, 30000),
('P012', 'BD0452', 0, 30000),
('P012', 'BD0453', 0, 30000),
('P012', 'BD0454', 0, 30000),
('P012', 'BD0455', 0, 30000),
('P012', 'BD0456', 0, 30000),
('P012', 'BD0457', 0, 30000),
('P012', 'BD0458', 0, 30000),
('P012', 'BD0459', 0, 30000),
('P012', 'BD0460', 0, 30000),
('P012', 'BD0461', 0, 30000),
('P012', 'BD0462', 0, 30000),
('P012', 'BD0463', 0, 30000),
('P012', 'BD0464', 0, 30000),
('P012', 'BD0465', 0, 30000),
('P012', 'BD0466', 0, 30000),
('P012', 'BD0467', 0, 30000),
('P012', 'BD0468', 0, 30000),
('P012', 'BD0469', 0, 30000),
('P012', 'BD0470', 0, 30000),
('P012', 'BD0471', 0, 30000),
('P012', 'BD0472', 0, 30000),
('P012', 'BD0473', 0, 30000),
('P012', 'BD0474', 0, 30000),
('P012', 'BD0475', 0, 30000),
('P012', 'BD0476', 0, 30000),
('P012', 'BD0477', 0, 30000),
('P012', 'BD0478', 0, 30000),
('P012', 'BD0479', 0, 30000),
('P012', 'BD0480', 0, 30000),
('P013', 'BD0481', 1, 0),
('P013', 'BD0482', 1, 0),
('P013', 'BD0483', 1, 0),
('P013', 'BD0484', 1, 0),
('P013', 'BD0485', 1, 0),
('P013', 'BD0486', 1, 0),
('P013', 'BD0487', 1, 0),
('P013', 'BD0488', 1, 0),
('P013', 'BD0489', 1, 0),
('P013', 'BD0490', 1, 0),
('P013', 'BD0491', 1, 0),
('P013', 'BD0492', 1, 0),
('P013', 'BD0493', 1, 0),
('P013', 'BD0494', 1, 0),
('P013', 'BD0495', 1, 0),
('P013', 'BD0496', 1, 0),
('P013', 'BD0497', 1, 0),
('P013', 'BD0498', 1, 0),
('P013', 'BD0499', 1, 0),
('P013', 'BD0500', 1, 0),
('P013', 'BD0501', 1, 0),
('P013', 'BD0502', 1, 0),
('P013', 'BD0503', 1, 0),
('P013', 'BD0504', 1, 0),
('P013', 'BD0505', 1, 0),
('P013', 'BD0506', 1, 0),
('P013', 'BD0507', 1, 0),
('P013', 'BD0508', 1, 0),
('P013', 'BD0509', 1, 0),
('P013', 'BD0510', 1, 0),
('P013', 'BD0511', 1, 0),
('P013', 'BD0512', 1, 0),
('P013', 'BD0513', 1, 0),
('P013', 'BD0514', 1, 0),
('P013', 'BD0515', 1, 0),
('P013', 'BD0516', 1, 0),
('P013', 'BD0517', 1, 0),
('P013', 'BD0518', 1, 0),
('P013', 'BD0519', 1, 0),
('P013', 'BD0520', 1, 0),
('P014', 'BD0521', 0, 10000),
('P014', 'BD0522', 0, 10000),
('P014', 'BD0523', 0, 10000),
('P014', 'BD0524', 0, 10000),
('P014', 'BD0525', 0, 10000),
('P014', 'BD0526', 0, 10000),
('P014', 'BD0527', 0, 10000),
('P014', 'BD0528', 0, 10000),
('P014', 'BD0529', 0, 10000),
('P014', 'BD0530', 0, 10000),
('P014', 'BD0531', 0, 10000),
('P014', 'BD0532', 0, 10000),
('P014', 'BD0533', 0, 10000),
('P014', 'BD0534', 0, 10000),
('P014', 'BD0535', 0, 10000),
('P014', 'BD0536', 0, 10000),
('P014', 'BD0537', 0, 10000),
('P014', 'BD0538', 0, 10000),
('P014', 'BD0539', 0, 10000),
('P014', 'BD0540', 0, 10000),
('P014', 'BD0541', 0, 10000),
('P014', 'BD0542', 0, 10000),
('P014', 'BD0543', 0, 10000),
('P014', 'BD0544', 0, 10000),
('P014', 'BD0545', 0, 10000),
('P014', 'BD0546', 0, 10000),
('P014', 'BD0547', 0, 10000),
('P014', 'BD0548', 0, 10000),
('P014', 'BD0549', 0, 10000),
('P014', 'BD0550', 0, 10000),
('P014', 'BD0551', 0, 10000),
('P014', 'BD0552', 0, 10000),
('P014', 'BD0553', 0, 10000),
('P014', 'BD0554', 0, 10000),
('P014', 'BD0555', 0, 10000),
('P014', 'BD0556', 0, 10000),
('P014', 'BD0557', 0, 10000),
('P014', 'BD0558', 0, 10000),
('P014', 'BD0559', 0, 10000),
('P014', 'BD0560', 0, 10000),
('P015', 'BD0561', 1, 0),
('P015', 'BD0562', 1, 0),
('P015', 'BD0563', 1, 0),
('P015', 'BD0564', 1, 0),
('P015', 'BD0565', 1, 0),
('P015', 'BD0566', 1, 0),
('P015', 'BD0567', 1, 0),
('P015', 'BD0568', 1, 0),
('P015', 'BD0569', 1, 0),
('P015', 'BD0570', 1, 0),
('P015', 'BD0571', 1, 0),
('P015', 'BD0572', 1, 0),
('P015', 'BD0573', 1, 0),
('P015', 'BD0574', 1, 0),
('P015', 'BD0575', 1, 0),
('P015', 'BD0576', 1, 0),
('P015', 'BD0577', 1, 0),
('P015', 'BD0578', 1, 0),
('P015', 'BD0579', 1, 0),
('P015', 'BD0580', 1, 0),
('P015', 'BD0581', 1, 0),
('P015', 'BD0582', 1, 0),
('P015', 'BD0583', 1, 0),
('P015', 'BD0584', 1, 0),
('P015', 'BD0585', 1, 0),
('P015', 'BD0586', 1, 0),
('P015', 'BD0587', 1, 0),
('P015', 'BD0588', 1, 0),
('P015', 'BD0589', 1, 0),
('P015', 'BD0590', 1, 0),
('P015', 'BD0591', 1, 0),
('P015', 'BD0592', 1, 0),
('P015', 'BD0593', 1, 0),
('P015', 'BD0594', 1, 0),
('P015', 'BD0595', 1, 0),
('P015', 'BD0596', 1, 0),
('P015', 'BD0597', 1, 0),
('P015', 'BD0598', 1, 0),
('P015', 'BD0599', 1, 0),
('P015', 'BD0600', 1, 0),
('P016', 'BD0601', 0, 7000),
('P016', 'BD0602', 0, 7000),
('P016', 'BD0603', 0, 7000),
('P016', 'BD0604', 0, 7000),
('P016', 'BD0605', 0, 7000),
('P016', 'BD0606', 0, 7000),
('P016', 'BD0607', 0, 7000),
('P016', 'BD0608', 0, 7000),
('P016', 'BD0609', 0, 7000),
('P016', 'BD0610', 0, 7000),
('P016', 'BD0611', 0, 7000),
('P016', 'BD0612', 0, 7000),
('P016', 'BD0613', 0, 7000),
('P016', 'BD0614', 0, 7000),
('P016', 'BD0615', 0, 7000),
('P016', 'BD0616', 0, 7000),
('P016', 'BD0617', 0, 7000),
('P016', 'BD0618', 0, 7000),
('P016', 'BD0619', 0, 7000),
('P016', 'BD0620', 0, 7000),
('P016', 'BD0621', 0, 7000),
('P016', 'BD0622', 0, 7000),
('P016', 'BD0623', 0, 7000),
('P016', 'BD0624', 0, 7000),
('P016', 'BD0625', 0, 7000),
('P016', 'BD0626', 0, 7000),
('P016', 'BD0627', 0, 7000),
('P016', 'BD0628', 0, 7000),
('P016', 'BD0629', 0, 7000),
('P016', 'BD0630', 0, 7000),
('P016', 'BD0631', 0, 7000),
('P016', 'BD0632', 0, 7000),
('P016', 'BD0633', 0, 7000),
('P016', 'BD0634', 0, 7000),
('P016', 'BD0635', 0, 7000),
('P016', 'BD0636', 0, 7000),
('P016', 'BD0637', 0, 7000),
('P016', 'BD0638', 0, 7000),
('P016', 'BD0639', 0, 7000),
('P016', 'BD0640', 0, 7000),
('P017', 'BD0641', 1, 0),
('P017', 'BD0642', 1, 0),
('P017', 'BD0643', 1, 0),
('P017', 'BD0644', 1, 0),
('P017', 'BD0645', 1, 0),
('P017', 'BD0646', 1, 0),
('P017', 'BD0647', 1, 0),
('P017', 'BD0648', 1, 0),
('P017', 'BD0649', 1, 0),
('P017', 'BD0650', 1, 0),
('P017', 'BD0651', 1, 0),
('P017', 'BD0652', 1, 0),
('P017', 'BD0653', 1, 0),
('P017', 'BD0654', 1, 0),
('P017', 'BD0655', 1, 0),
('P017', 'BD0656', 1, 0),
('P017', 'BD0657', 1, 0),
('P017', 'BD0658', 1, 0),
('P017', 'BD0659', 1, 0),
('P017', 'BD0660', 1, 0),
('P017', 'BD0661', 1, 0),
('P017', 'BD0662', 1, 0),
('P017', 'BD0663', 1, 0),
('P017', 'BD0664', 1, 0),
('P017', 'BD0665', 1, 0),
('P017', 'BD0666', 1, 0),
('P017', 'BD0667', 1, 0),
('P017', 'BD0668', 1, 0),
('P017', 'BD0669', 1, 0),
('P017', 'BD0670', 1, 0),
('P017', 'BD0671', 1, 0),
('P017', 'BD0672', 1, 0),
('P017', 'BD0673', 1, 0),
('P017', 'BD0674', 1, 0),
('P017', 'BD0675', 1, 0),
('P017', 'BD0676', 1, 0),
('P017', 'BD0677', 1, 0),
('P017', 'BD0678', 1, 0),
('P017', 'BD0679', 1, 0),
('P017', 'BD0680', 1, 0),
('P018', 'BD0681', 1, 0),
('P018', 'BD0682', 1, 0),
('P018', 'BD0683', 1, 0),
('P018', 'BD0684', 1, 0),
('P018', 'BD0685', 1, 0),
('P018', 'BD0686', 1, 0),
('P018', 'BD0687', 1, 0),
('P018', 'BD0688', 1, 0),
('P018', 'BD0689', 1, 0),
('P018', 'BD0690', 1, 0),
('P018', 'BD0691', 1, 0),
('P018', 'BD0692', 1, 0),
('P018', 'BD0693', 1, 0),
('P018', 'BD0694', 1, 0),
('P018', 'BD0695', 1, 0),
('P018', 'BD0696', 1, 0),
('P018', 'BD0697', 1, 0),
('P018', 'BD0698', 1, 0),
('P018', 'BD0699', 1, 0),
('P018', 'BD0700', 1, 0),
('P018', 'BD0701', 1, 0),
('P018', 'BD0702', 1, 0),
('P018', 'BD0703', 1, 0),
('P018', 'BD0704', 1, 0),
('P018', 'BD0705', 1, 0),
('P018', 'BD0706', 1, 0),
('P018', 'BD0707', 1, 0),
('P018', 'BD0708', 1, 0),
('P018', 'BD0709', 1, 0),
('P018', 'BD0710', 1, 0),
('P018', 'BD0711', 1, 0),
('P018', 'BD0712', 1, 0),
('P018', 'BD0713', 1, 0),
('P018', 'BD0714', 1, 0),
('P018', 'BD0715', 1, 0),
('P018', 'BD0716', 1, 0),
('P018', 'BD0717', 1, 0),
('P018', 'BD0718', 1, 0),
('P018', 'BD0719', 1, 0),
('P018', 'BD0720', 1, 0),
('P019', 'BD0721', 0, 25000),
('P019', 'BD0722', 0, 25000),
('P019', 'BD0723', 0, 25000),
('P019', 'BD0724', 0, 25000),
('P019', 'BD0725', 0, 25000),
('P019', 'BD0726', 0, 25000),
('P019', 'BD0727', 0, 25000),
('P019', 'BD0728', 0, 25000),
('P019', 'BD0729', 0, 25000),
('P019', 'BD0730', 0, 25000),
('P019', 'BD0731', 0, 25000),
('P019', 'BD0732', 0, 25000),
('P019', 'BD0733', 0, 25000),
('P019', 'BD0734', 0, 25000),
('P019', 'BD0735', 0, 25000),
('P019', 'BD0736', 0, 25000),
('P019', 'BD0737', 0, 25000),
('P019', 'BD0738', 0, 25000),
('P019', 'BD0739', 0, 25000),
('P019', 'BD0740', 0, 25000),
('P019', 'BD0741', 0, 25000),
('P019', 'BD0742', 0, 25000),
('P019', 'BD0743', 0, 25000),
('P019', 'BD0744', 0, 25000),
('P019', 'BD0745', 0, 25000),
('P019', 'BD0746', 0, 25000),
('P019', 'BD0747', 0, 25000),
('P019', 'BD0748', 0, 25000),
('P019', 'BD0749', 0, 25000),
('P019', 'BD0750', 0, 25000),
('P019', 'BD0751', 0, 25000),
('P019', 'BD0752', 0, 25000),
('P019', 'BD0753', 0, 25000),
('P019', 'BD0754', 0, 25000),
('P019', 'BD0755', 0, 25000),
('P019', 'BD0756', 0, 25000),
('P019', 'BD0757', 0, 25000),
('P019', 'BD0758', 0, 25000),
('P019', 'BD0759', 0, 25000),
('P019', 'BD0760', 0, 25000),
('P020', 'BD0761', 1, 0),
('P020', 'BD0762', 1, 0),
('P020', 'BD0763', 1, 0),
('P020', 'BD0764', 1, 0),
('P020', 'BD0765', 1, 0),
('P020', 'BD0766', 1, 0),
('P020', 'BD0767', 1, 0),
('P020', 'BD0768', 1, 0),
('P020', 'BD0769', 1, 0),
('P020', 'BD0770', 1, 0),
('P020', 'BD0771', 1, 0),
('P020', 'BD0772', 1, 0),
('P020', 'BD0773', 1, 0),
('P020', 'BD0774', 1, 0),
('P020', 'BD0775', 1, 0),
('P020', 'BD0776', 1, 0),
('P020', 'BD0777', 1, 0),
('P020', 'BD0778', 1, 0),
('P020', 'BD0779', 1, 0),
('P020', 'BD0780', 1, 0),
('P020', 'BD0781', 1, 0),
('P020', 'BD0782', 1, 0),
('P020', 'BD0783', 1, 0),
('P020', 'BD0784', 1, 0),
('P020', 'BD0785', 1, 0),
('P020', 'BD0786', 1, 0),
('P020', 'BD0787', 1, 0),
('P020', 'BD0788', 1, 0),
('P020', 'BD0789', 1, 0),
('P020', 'BD0790', 1, 0),
('P020', 'BD0791', 1, 0),
('P020', 'BD0792', 1, 0),
('P020', 'BD0793', 1, 0),
('P020', 'BD0794', 1, 0),
('P020', 'BD0795', 1, 0),
('P020', 'BD0796', 1, 0),
('P020', 'BD0797', 1, 0),
('P020', 'BD0798', 1, 0),
('P020', 'BD0799', 1, 0),
('P020', 'BD0800', 1, 0),
('P021', 'BD0801', 1, 0),
('P021', 'BD0802', 1, 0),
('P021', 'BD0803', 1, 0),
('P021', 'BD0804', 1, 0),
('P021', 'BD0805', 1, 0),
('P021', 'BD0806', 1, 0),
('P021', 'BD0807', 1, 0),
('P021', 'BD0808', 1, 0),
('P021', 'BD0809', 1, 0),
('P021', 'BD0810', 1, 0),
('P021', 'BD0811', 1, 0),
('P021', 'BD0812', 1, 0),
('P021', 'BD0813', 1, 0),
('P021', 'BD0814', 1, 0),
('P021', 'BD0815', 1, 0),
('P021', 'BD0816', 1, 0),
('P021', 'BD0817', 1, 0),
('P021', 'BD0818', 1, 0),
('P021', 'BD0819', 1, 0),
('P021', 'BD0820', 1, 0),
('P021', 'BD0821', 1, 0),
('P021', 'BD0822', 1, 0),
('P021', 'BD0823', 1, 0),
('P021', 'BD0824', 1, 0),
('P021', 'BD0825', 1, 0),
('P021', 'BD0826', 1, 0),
('P021', 'BD0827', 1, 0),
('P021', 'BD0828', 1, 0),
('P021', 'BD0829', 1, 0),
('P021', 'BD0830', 1, 0),
('P021', 'BD0831', 1, 0),
('P021', 'BD0832', 1, 0),
('P021', 'BD0833', 1, 0),
('P021', 'BD0834', 1, 0),
('P021', 'BD0835', 1, 0),
('P021', 'BD0836', 1, 0),
('P021', 'BD0837', 1, 0),
('P021', 'BD0838', 1, 0),
('P021', 'BD0839', 1, 0),
('P021', 'BD0840', 1, 0),
('P022', 'BD0841', 0, 9000),
('P022', 'BD0842', 0, 9000),
('P022', 'BD0843', 0, 9000),
('P022', 'BD0844', 0, 9000),
('P022', 'BD0845', 0, 9000),
('P022', 'BD0846', 0, 9000),
('P022', 'BD0847', 0, 9000),
('P022', 'BD0848', 0, 9000),
('P022', 'BD0849', 0, 9000),
('P022', 'BD0850', 0, 9000),
('P022', 'BD0851', 0, 9000),
('P022', 'BD0852', 0, 9000),
('P022', 'BD0853', 0, 9000),
('P022', 'BD0854', 0, 9000),
('P022', 'BD0855', 0, 9000),
('P022', 'BD0856', 0, 9000),
('P022', 'BD0857', 0, 9000),
('P022', 'BD0858', 0, 9000),
('P022', 'BD0859', 0, 9000),
('P022', 'BD0860', 0, 9000),
('P022', 'BD0861', 0, 9000),
('P022', 'BD0862', 0, 9000),
('P022', 'BD0863', 0, 9000),
('P022', 'BD0864', 0, 9000),
('P022', 'BD0865', 0, 9000),
('P022', 'BD0866', 0, 9000),
('P022', 'BD0867', 0, 9000),
('P022', 'BD0868', 0, 9000),
('P022', 'BD0869', 0, 9000),
('P022', 'BD0870', 0, 9000),
('P022', 'BD0871', 0, 9000),
('P022', 'BD0872', 0, 9000),
('P022', 'BD0873', 0, 9000),
('P022', 'BD0874', 0, 9000),
('P022', 'BD0875', 0, 9000),
('P022', 'BD0876', 0, 9000),
('P022', 'BD0877', 0, 9000),
('P022', 'BD0878', 0, 9000),
('P022', 'BD0879', 0, 9000),
('P022', 'BD0880', 0, 9000),
('P023', 'BD0881', 1, 0),
('P023', 'BD0882', 1, 0),
('P023', 'BD0883', 1, 0),
('P023', 'BD0884', 1, 0),
('P023', 'BD0885', 1, 0),
('P023', 'BD0886', 1, 0),
('P023', 'BD0887', 1, 0),
('P023', 'BD0888', 1, 0),
('P023', 'BD0889', 1, 0),
('P023', 'BD0890', 1, 0),
('P023', 'BD0891', 1, 0),
('P023', 'BD0892', 1, 0),
('P023', 'BD0893', 1, 0),
('P023', 'BD0894', 1, 0),
('P023', 'BD0895', 1, 0),
('P023', 'BD0896', 1, 0),
('P023', 'BD0897', 1, 0),
('P023', 'BD0898', 1, 0),
('P023', 'BD0899', 1, 0),
('P023', 'BD0900', 1, 0),
('P023', 'BD0901', 1, 0),
('P023', 'BD0902', 1, 0),
('P023', 'BD0903', 1, 0),
('P023', 'BD0904', 1, 0),
('P023', 'BD0905', 1, 0),
('P023', 'BD0906', 1, 0),
('P023', 'BD0907', 1, 0),
('P023', 'BD0908', 1, 0),
('P023', 'BD0909', 1, 0),
('P023', 'BD0910', 1, 0),
('P023', 'BD0911', 1, 0),
('P023', 'BD0912', 1, 0),
('P023', 'BD0913', 1, 0),
('P023', 'BD0914', 1, 0),
('P023', 'BD0915', 1, 0),
('P023', 'BD0916', 1, 0),
('P023', 'BD0917', 1, 0),
('P023', 'BD0918', 1, 0),
('P023', 'BD0919', 1, 0),
('P023', 'BD0920', 1, 0),
('P024', 'BD0921', 1, 0),
('P024', 'BD0922', 1, 0),
('P024', 'BD0923', 1, 0),
('P024', 'BD0924', 1, 0),
('P024', 'BD0925', 1, 0),
('P024', 'BD0926', 1, 0),
('P024', 'BD0927', 1, 0),
('P024', 'BD0928', 1, 0),
('P024', 'BD0929', 1, 0),
('P024', 'BD0930', 1, 0),
('P024', 'BD0931', 1, 0),
('P024', 'BD0932', 1, 0),
('P024', 'BD0933', 1, 0),
('P024', 'BD0934', 1, 0),
('P024', 'BD0935', 1, 0),
('P024', 'BD0936', 1, 0),
('P024', 'BD0937', 1, 0),
('P024', 'BD0938', 1, 0),
('P024', 'BD0939', 1, 0),
('P024', 'BD0940', 1, 0),
('P024', 'BD0941', 1, 0),
('P024', 'BD0942', 1, 0),
('P024', 'BD0943', 1, 0),
('P024', 'BD0944', 1, 0),
('P024', 'BD0945', 1, 0),
('P024', 'BD0946', 1, 0),
('P024', 'BD0947', 1, 0),
('P024', 'BD0948', 1, 0),
('P024', 'BD0949', 1, 0),
('P024', 'BD0950', 1, 0),
('P024', 'BD0951', 1, 0),
('P024', 'BD0952', 1, 0),
('P024', 'BD0953', 1, 0),
('P024', 'BD0954', 1, 0),
('P024', 'BD0955', 1, 0),
('P024', 'BD0956', 1, 0),
('P024', 'BD0957', 1, 0),
('P024', 'BD0958', 1, 0),
('P024', 'BD0959', 1, 0),
('P024', 'BD0960', 1, 0),
('P025', 'BD0961', 0, 12000),
('P025', 'BD0962', 0, 12000),
('P025', 'BD0963', 0, 12000),
('P025', 'BD0964', 0, 12000),
('P025', 'BD0965', 0, 12000),
('P025', 'BD0966', 0, 12000),
('P025', 'BD0967', 0, 12000),
('P025', 'BD0968', 0, 12000),
('P025', 'BD0969', 0, 12000),
('P025', 'BD0970', 0, 12000),
('P025', 'BD0971', 0, 12000),
('P025', 'BD0972', 0, 12000),
('P025', 'BD0973', 0, 12000),
('P025', 'BD0974', 0, 12000),
('P025', 'BD0975', 0, 12000),
('P025', 'BD0976', 0, 12000),
('P025', 'BD0977', 0, 12000),
('P025', 'BD0978', 0, 12000),
('P025', 'BD0979', 0, 12000),
('P025', 'BD0980', 0, 12000),
('P025', 'BD0981', 0, 12000),
('P025', 'BD0982', 0, 12000),
('P025', 'BD0983', 0, 12000),
('P025', 'BD0984', 0, 12000),
('P025', 'BD0985', 0, 12000),
('P025', 'BD0986', 0, 12000),
('P025', 'BD0987', 0, 12000),
('P025', 'BD0988', 0, 12000),
('P025', 'BD0989', 0, 12000),
('P025', 'BD0990', 0, 12000),
('P025', 'BD0991', 0, 12000),
('P025', 'BD0992', 0, 12000),
('P025', 'BD0993', 0, 12000),
('P025', 'BD0994', 0, 12000),
('P025', 'BD0995', 0, 12000),
('P025', 'BD0996', 0, 12000),
('P025', 'BD0997', 0, 12000),
('P025', 'BD0998', 0, 12000),
('P025', 'BD0999', 0, 12000),
('P025', 'BD1000', 0, 12000),
('P026', 'BD1001', 1, 0),
('P026', 'BD1002', 1, 0),
('P026', 'BD1003', 1, 0),
('P026', 'BD1004', 1, 0),
('P026', 'BD1005', 1, 0),
('P026', 'BD1006', 1, 0),
('P026', 'BD1007', 1, 0),
('P026', 'BD1008', 1, 0),
('P026', 'BD1009', 1, 0),
('P026', 'BD1010', 1, 0),
('P026', 'BD1011', 1, 0),
('P026', 'BD1012', 1, 0),
('P026', 'BD1013', 1, 0),
('P026', 'BD1014', 1, 0),
('P026', 'BD1015', 1, 0),
('P026', 'BD1016', 1, 0),
('P026', 'BD1017', 1, 0),
('P026', 'BD1018', 1, 0),
('P026', 'BD1019', 1, 0),
('P026', 'BD1020', 1, 0),
('P026', 'BD1021', 1, 0),
('P026', 'BD1022', 1, 0),
('P026', 'BD1023', 1, 0),
('P026', 'BD1024', 1, 0),
('P026', 'BD1025', 1, 0),
('P026', 'BD1026', 1, 0),
('P026', 'BD1027', 1, 0),
('P026', 'BD1028', 1, 0),
('P026', 'BD1029', 1, 0),
('P026', 'BD1030', 1, 0),
('P026', 'BD1031', 1, 0),
('P026', 'BD1032', 1, 0),
('P026', 'BD1033', 1, 0),
('P026', 'BD1034', 1, 0),
('P026', 'BD1035', 1, 0),
('P026', 'BD1036', 1, 0),
('P026', 'BD1037', 1, 0),
('P026', 'BD1038', 1, 0),
('P026', 'BD1039', 1, 0),
('P026', 'BD1040', 1, 0),
('P027', 'BD1041', 1, 0),
('P027', 'BD1042', 1, 0),
('P027', 'BD1043', 1, 0),
('P027', 'BD1044', 1, 0),
('P027', 'BD1045', 1, 0),
('P027', 'BD1046', 1, 0),
('P027', 'BD1047', 1, 0),
('P027', 'BD1048', 1, 0),
('P027', 'BD1049', 1, 0),
('P027', 'BD1050', 1, 0),
('P027', 'BD1051', 1, 0),
('P027', 'BD1052', 1, 0),
('P027', 'BD1053', 1, 0),
('P027', 'BD1054', 1, 0),
('P027', 'BD1055', 1, 0),
('P027', 'BD1056', 1, 0),
('P027', 'BD1057', 1, 0),
('P027', 'BD1058', 1, 0),
('P027', 'BD1059', 1, 0),
('P027', 'BD1060', 1, 0),
('P027', 'BD1061', 1, 0),
('P027', 'BD1062', 1, 0),
('P027', 'BD1063', 1, 0),
('P027', 'BD1064', 1, 0),
('P027', 'BD1065', 1, 0),
('P027', 'BD1066', 1, 0),
('P027', 'BD1067', 1, 0),
('P027', 'BD1068', 1, 0),
('P027', 'BD1069', 1, 0),
('P027', 'BD1070', 1, 0),
('P027', 'BD1071', 1, 0),
('P027', 'BD1072', 1, 0),
('P027', 'BD1073', 1, 0),
('P027', 'BD1074', 1, 0),
('P027', 'BD1075', 1, 0),
('P027', 'BD1076', 1, 0),
('P027', 'BD1077', 1, 0),
('P027', 'BD1078', 1, 0),
('P027', 'BD1079', 1, 0),
('P027', 'BD1080', 1, 0),
('P028', 'BD1081', 0, 11000),
('P028', 'BD1082', 0, 11000),
('P028', 'BD1083', 0, 11000),
('P028', 'BD1084', 0, 11000),
('P028', 'BD1085', 0, 11000),
('P028', 'BD1086', 0, 11000),
('P028', 'BD1087', 0, 11000),
('P028', 'BD1088', 0, 11000),
('P028', 'BD1089', 0, 11000),
('P028', 'BD1090', 0, 11000),
('P028', 'BD1091', 0, 11000),
('P028', 'BD1092', 0, 11000),
('P028', 'BD1093', 0, 11000),
('P028', 'BD1094', 0, 11000),
('P028', 'BD1095', 0, 11000),
('P028', 'BD1096', 0, 11000),
('P028', 'BD1097', 0, 11000),
('P028', 'BD1098', 0, 11000),
('P028', 'BD1099', 0, 11000),
('P028', 'BD1100', 0, 11000),
('P028', 'BD1101', 0, 11000),
('P028', 'BD1102', 0, 11000),
('P028', 'BD1103', 0, 11000),
('P028', 'BD1104', 0, 11000),
('P028', 'BD1105', 0, 11000),
('P028', 'BD1106', 0, 11000),
('P028', 'BD1107', 0, 11000),
('P028', 'BD1108', 0, 11000),
('P028', 'BD1109', 0, 11000),
('P028', 'BD1110', 0, 11000),
('P028', 'BD1111', 0, 11000),
('P028', 'BD1112', 0, 11000),
('P028', 'BD1113', 0, 11000),
('P028', 'BD1114', 0, 11000),
('P028', 'BD1115', 0, 11000),
('P028', 'BD1116', 0, 11000),
('P028', 'BD1117', 0, 11000),
('P028', 'BD1118', 0, 11000),
('P028', 'BD1119', 0, 11000),
('P028', 'BD1120', 0, 11000),
('P029', 'BD1121', 1, 0),
('P029', 'BD1122', 1, 0),
('P029', 'BD1123', 1, 0),
('P029', 'BD1124', 1, 0),
('P029', 'BD1125', 1, 0),
('P029', 'BD1126', 1, 0),
('P029', 'BD1127', 1, 0),
('P029', 'BD1128', 1, 0),
('P029', 'BD1129', 1, 0),
('P029', 'BD1130', 1, 0),
('P029', 'BD1131', 1, 0),
('P029', 'BD1132', 1, 0),
('P029', 'BD1133', 1, 0),
('P029', 'BD1134', 1, 0),
('P029', 'BD1135', 1, 0),
('P029', 'BD1136', 1, 0),
('P029', 'BD1137', 1, 0),
('P029', 'BD1138', 1, 0),
('P029', 'BD1139', 1, 0),
('P029', 'BD1140', 1, 0),
('P029', 'BD1141', 1, 0),
('P029', 'BD1142', 1, 0),
('P029', 'BD1143', 1, 0),
('P029', 'BD1144', 1, 0),
('P029', 'BD1145', 1, 0),
('P029', 'BD1146', 1, 0),
('P029', 'BD1147', 1, 0),
('P029', 'BD1148', 1, 0),
('P029', 'BD1149', 1, 0),
('P029', 'BD1150', 1, 0),
('P029', 'BD1151', 1, 0),
('P029', 'BD1152', 1, 0),
('P029', 'BD1153', 1, 0),
('P029', 'BD1154', 1, 0),
('P029', 'BD1155', 1, 0),
('P029', 'BD1156', 1, 0),
('P029', 'BD1157', 1, 0),
('P029', 'BD1158', 1, 0),
('P029', 'BD1159', 1, 0),
('P029', 'BD1160', 1, 0),
('P030', 'BD1161', 1, 0),
('P030', 'BD1162', 1, 0),
('P030', 'BD1163', 1, 0),
('P030', 'BD1164', 1, 0),
('P030', 'BD1165', 1, 0),
('P030', 'BD1166', 1, 0),
('P030', 'BD1167', 1, 0),
('P030', 'BD1168', 1, 0),
('P030', 'BD1169', 1, 0),
('P030', 'BD1170', 1, 0),
('P030', 'BD1171', 1, 0),
('P030', 'BD1172', 1, 0),
('P030', 'BD1173', 1, 0),
('P030', 'BD1174', 1, 0),
('P030', 'BD1175', 1, 0),
('P030', 'BD1176', 1, 0),
('P030', 'BD1177', 1, 0),
('P030', 'BD1178', 1, 0),
('P030', 'BD1179', 1, 0),
('P030', 'BD1180', 1, 0),
('P030', 'BD1181', 1, 0),
('P030', 'BD1182', 1, 0),
('P030', 'BD1183', 1, 0),
('P030', 'BD1184', 1, 0),
('P030', 'BD1185', 1, 0),
('P030', 'BD1186', 1, 0),
('P030', 'BD1187', 1, 0),
('P030', 'BD1188', 1, 0),
('P030', 'BD1189', 1, 0),
('P030', 'BD1190', 1, 0),
('P030', 'BD1191', 1, 0),
('P030', 'BD1192', 1, 0),
('P030', 'BD1193', 1, 0),
('P030', 'BD1194', 1, 0),
('P030', 'BD1195', 1, 0),
('P030', 'BD1196', 1, 0),
('P030', 'BD1197', 1, 0),
('P030', 'BD1198', 1, 0),
('P030', 'BD1199', 1, 0),
('P030', 'BD1200', 1, 0),
('P031', 'BD1201', 0, 8000),
('P031', 'BD1202', 0, 8000),
('P031', 'BD1203', 0, 8000),
('P031', 'BD1204', 0, 8000),
('P031', 'BD1205', 0, 8000),
('P031', 'BD1206', 0, 8000),
('P031', 'BD1207', 0, 8000),
('P031', 'BD1208', 0, 8000),
('P031', 'BD1209', 0, 8000),
('P031', 'BD1210', 0, 8000),
('P031', 'BD1211', 0, 8000),
('P031', 'BD1212', 0, 8000),
('P031', 'BD1213', 0, 8000),
('P031', 'BD1214', 0, 8000),
('P031', 'BD1215', 0, 8000),
('P031', 'BD1216', 0, 8000),
('P031', 'BD1217', 0, 8000),
('P031', 'BD1218', 0, 8000),
('P031', 'BD1219', 0, 8000),
('P031', 'BD1220', 0, 8000),
('P031', 'BD1221', 0, 8000),
('P031', 'BD1222', 0, 8000),
('P031', 'BD1223', 0, 8000),
('P031', 'BD1224', 0, 8000),
('P031', 'BD1225', 0, 8000),
('P031', 'BD1226', 0, 8000),
('P031', 'BD1227', 0, 8000),
('P031', 'BD1228', 0, 8000),
('P031', 'BD1229', 0, 8000),
('P031', 'BD1230', 0, 8000),
('P031', 'BD1231', 0, 8000),
('P031', 'BD1232', 0, 8000),
('P031', 'BD1233', 0, 8000),
('P031', 'BD1234', 0, 8000),
('P031', 'BD1235', 0, 8000),
('P031', 'BD1236', 0, 8000),
('P031', 'BD1237', 0, 8000),
('P031', 'BD1238', 0, 8000),
('P031', 'BD1239', 0, 8000),
('P031', 'BD1240', 0, 8000),
('P032', 'BD1241', 1, 0),
('P032', 'BD1242', 1, 0),
('P032', 'BD1243', 1, 0),
('P032', 'BD1244', 1, 0),
('P032', 'BD1245', 1, 0),
('P032', 'BD1246', 1, 0),
('P032', 'BD1247', 1, 0),
('P032', 'BD1248', 1, 0),
('P032', 'BD1249', 1, 0),
('P032', 'BD1250', 1, 0),
('P032', 'BD1251', 1, 0),
('P032', 'BD1252', 1, 0),
('P032', 'BD1253', 1, 0),
('P032', 'BD1254', 1, 0),
('P032', 'BD1255', 1, 0),
('P032', 'BD1256', 1, 0),
('P032', 'BD1257', 1, 0),
('P032', 'BD1258', 1, 0),
('P032', 'BD1259', 1, 0),
('P032', 'BD1260', 1, 0),
('P032', 'BD1261', 1, 0),
('P032', 'BD1262', 1, 0),
('P032', 'BD1263', 1, 0),
('P032', 'BD1264', 1, 0),
('P032', 'BD1265', 1, 0),
('P032', 'BD1266', 1, 0),
('P032', 'BD1267', 1, 0),
('P032', 'BD1268', 1, 0),
('P032', 'BD1269', 1, 0),
('P032', 'BD1270', 1, 0),
('P032', 'BD1271', 1, 0),
('P032', 'BD1272', 1, 0),
('P032', 'BD1273', 1, 0),
('P032', 'BD1274', 1, 0),
('P032', 'BD1275', 1, 0),
('P032', 'BD1276', 1, 0),
('P032', 'BD1277', 1, 0),
('P032', 'BD1278', 1, 0),
('P032', 'BD1279', 1, 0),
('P032', 'BD1280', 1, 0),
('P033', 'BD1281', 1, 0),
('P033', 'BD1282', 1, 0),
('P033', 'BD1283', 1, 0),
('P033', 'BD1284', 1, 0),
('P033', 'BD1285', 1, 0),
('P033', 'BD1286', 1, 0),
('P033', 'BD1287', 1, 0),
('P033', 'BD1288', 1, 0),
('P033', 'BD1289', 1, 0),
('P033', 'BD1290', 1, 0),
('P033', 'BD1291', 1, 0),
('P033', 'BD1292', 1, 0),
('P033', 'BD1293', 1, 0),
('P033', 'BD1294', 1, 0),
('P033', 'BD1295', 1, 0),
('P033', 'BD1296', 1, 0),
('P033', 'BD1297', 1, 0),
('P033', 'BD1298', 1, 0),
('P033', 'BD1299', 1, 0),
('P033', 'BD1300', 1, 0),
('P033', 'BD1301', 1, 0),
('P033', 'BD1302', 1, 0),
('P033', 'BD1303', 1, 0),
('P033', 'BD1304', 1, 0),
('P033', 'BD1305', 1, 0),
('P033', 'BD1306', 1, 0),
('P033', 'BD1307', 1, 0),
('P033', 'BD1308', 1, 0),
('P033', 'BD1309', 1, 0),
('P033', 'BD1310', 1, 0),
('P033', 'BD1311', 1, 0),
('P033', 'BD1312', 1, 0),
('P033', 'BD1313', 1, 0),
('P033', 'BD1314', 1, 0),
('P033', 'BD1315', 1, 0),
('P033', 'BD1316', 1, 0),
('P033', 'BD1317', 1, 0),
('P033', 'BD1318', 1, 0),
('P033', 'BD1319', 1, 0),
('P033', 'BD1320', 1, 0),
('P034', 'BD1321', 0, 20000),
('P034', 'BD1322', 0, 20000),
('P034', 'BD1323', 0, 20000),
('P034', 'BD1324', 0, 20000),
('P034', 'BD1325', 0, 20000),
('P034', 'BD1326', 0, 20000),
('P034', 'BD1327', 0, 20000),
('P034', 'BD1328', 0, 20000),
('P034', 'BD1329', 0, 20000),
('P034', 'BD1330', 0, 20000),
('P034', 'BD1331', 0, 20000),
('P034', 'BD1332', 0, 20000),
('P034', 'BD1333', 0, 20000),
('P034', 'BD1334', 0, 20000),
('P034', 'BD1335', 0, 20000),
('P034', 'BD1336', 0, 20000),
('P034', 'BD1337', 0, 20000),
('P034', 'BD1338', 0, 20000),
('P034', 'BD1339', 0, 20000),
('P034', 'BD1340', 0, 20000),
('P034', 'BD1341', 0, 20000),
('P034', 'BD1342', 0, 20000),
('P034', 'BD1343', 0, 20000),
('P034', 'BD1344', 0, 20000),
('P034', 'BD1345', 0, 20000),
('P034', 'BD1346', 0, 20000),
('P034', 'BD1347', 0, 20000),
('P034', 'BD1348', 0, 20000),
('P034', 'BD1349', 0, 20000),
('P034', 'BD1350', 0, 20000),
('P034', 'BD1351', 0, 20000),
('P034', 'BD1352', 0, 20000),
('P034', 'BD1353', 0, 20000),
('P034', 'BD1354', 0, 20000),
('P034', 'BD1355', 0, 20000),
('P034', 'BD1356', 0, 20000),
('P034', 'BD1357', 0, 20000),
('P034', 'BD1358', 0, 20000),
('P034', 'BD1359', 0, 20000),
('P034', 'BD1360', 0, 20000),
('P035', 'BD1361', 1, 0),
('P035', 'BD1362', 1, 0),
('P035', 'BD1363', 1, 0),
('P035', 'BD1364', 1, 0),
('P035', 'BD1365', 1, 0),
('P035', 'BD1366', 1, 0),
('P035', 'BD1367', 1, 0),
('P035', 'BD1368', 1, 0),
('P035', 'BD1369', 1, 0),
('P035', 'BD1370', 1, 0),
('P035', 'BD1371', 1, 0),
('P035', 'BD1372', 1, 0),
('P035', 'BD1373', 1, 0),
('P035', 'BD1374', 1, 0),
('P035', 'BD1375', 1, 0),
('P035', 'BD1376', 1, 0),
('P035', 'BD1377', 1, 0),
('P035', 'BD1378', 1, 0),
('P035', 'BD1379', 1, 0),
('P035', 'BD1380', 1, 0),
('P035', 'BD1381', 1, 0),
('P035', 'BD1382', 1, 0),
('P035', 'BD1383', 1, 0),
('P035', 'BD1384', 1, 0),
('P035', 'BD1385', 1, 0),
('P035', 'BD1386', 1, 0),
('P035', 'BD1387', 1, 0),
('P035', 'BD1388', 1, 0),
('P035', 'BD1389', 1, 0),
('P035', 'BD1390', 1, 0),
('P035', 'BD1391', 1, 0),
('P035', 'BD1392', 1, 0),
('P035', 'BD1393', 1, 0),
('P035', 'BD1394', 1, 0),
('P035', 'BD1395', 1, 0),
('P035', 'BD1396', 1, 0),
('P035', 'BD1397', 1, 0),
('P035', 'BD1398', 1, 0),
('P035', 'BD1399', 1, 0),
('P035', 'BD1400', 1, 0),
('P036', 'BD1401', 0, 9500),
('P036', 'BD1402', 0, 9500),
('P036', 'BD1403', 0, 9500),
('P036', 'BD1404', 0, 9500),
('P036', 'BD1405', 0, 9500),
('P036', 'BD1406', 0, 9500),
('P036', 'BD1407', 0, 9500),
('P036', 'BD1408', 0, 9500),
('P036', 'BD1409', 0, 9500),
('P036', 'BD1410', 0, 9500),
('P036', 'BD1411', 0, 9500),
('P036', 'BD1412', 0, 9500),
('P036', 'BD1413', 0, 9500),
('P036', 'BD1414', 0, 9500),
('P036', 'BD1415', 0, 9500),
('P036', 'BD1416', 0, 9500),
('P036', 'BD1417', 0, 9500),
('P036', 'BD1418', 0, 9500),
('P036', 'BD1419', 0, 9500),
('P036', 'BD1420', 0, 9500),
('P036', 'BD1421', 0, 9500),
('P036', 'BD1422', 0, 9500),
('P036', 'BD1423', 0, 9500),
('P036', 'BD1424', 0, 9500),
('P036', 'BD1425', 0, 9500),
('P036', 'BD1426', 0, 9500),
('P036', 'BD1427', 0, 9500),
('P036', 'BD1428', 0, 9500),
('P036', 'BD1429', 0, 9500),
('P036', 'BD1430', 0, 9500),
('P036', 'BD1431', 0, 9500),
('P036', 'BD1432', 0, 9500),
('P036', 'BD1433', 0, 9500),
('P036', 'BD1434', 0, 9500),
('P036', 'BD1435', 0, 9500),
('P036', 'BD1436', 0, 9500),
('P036', 'BD1437', 0, 9500),
('P036', 'BD1438', 0, 9500),
('P036', 'BD1439', 0, 9500),
('P036', 'BD1440', 0, 9500),
('P037', 'BD1441', 1, 0),
('P037', 'BD1442', 1, 0),
('P037', 'BD1443', 1, 0),
('P037', 'BD1444', 1, 0),
('P037', 'BD1445', 1, 0),
('P037', 'BD1446', 1, 0),
('P037', 'BD1447', 1, 0),
('P037', 'BD1448', 1, 0),
('P037', 'BD1449', 1, 0),
('P037', 'BD1450', 1, 0),
('P037', 'BD1451', 1, 0),
('P037', 'BD1452', 1, 0),
('P037', 'BD1453', 1, 0),
('P037', 'BD1454', 1, 0),
('P037', 'BD1455', 1, 0),
('P037', 'BD1456', 1, 0),
('P037', 'BD1457', 1, 0),
('P037', 'BD1458', 1, 0),
('P037', 'BD1459', 1, 0),
('P037', 'BD1460', 1, 0),
('P037', 'BD1461', 1, 0),
('P037', 'BD1462', 1, 0),
('P037', 'BD1463', 1, 0),
('P037', 'BD1464', 1, 0),
('P037', 'BD1465', 1, 0),
('P037', 'BD1466', 1, 0),
('P037', 'BD1467', 1, 0),
('P037', 'BD1468', 1, 0),
('P037', 'BD1469', 1, 0),
('P037', 'BD1470', 1, 0),
('P037', 'BD1471', 1, 0),
('P037', 'BD1472', 1, 0),
('P037', 'BD1473', 1, 0),
('P037', 'BD1474', 1, 0),
('P037', 'BD1475', 1, 0),
('P037', 'BD1476', 1, 0),
('P037', 'BD1477', 1, 0),
('P037', 'BD1478', 1, 0),
('P037', 'BD1479', 1, 0),
('P037', 'BD1480', 1, 0),
('P038', 'BD1481', 1, 0),
('P038', 'BD1482', 1, 0),
('P038', 'BD1483', 1, 0),
('P038', 'BD1484', 1, 0),
('P038', 'BD1485', 1, 0),
('P038', 'BD1486', 1, 0),
('P038', 'BD1487', 1, 0),
('P038', 'BD1488', 1, 0),
('P038', 'BD1489', 1, 0),
('P038', 'BD1490', 1, 0),
('P038', 'BD1491', 1, 0),
('P038', 'BD1492', 1, 0),
('P038', 'BD1493', 1, 0),
('P038', 'BD1494', 1, 0),
('P038', 'BD1495', 1, 0),
('P038', 'BD1496', 1, 0),
('P038', 'BD1497', 1, 0),
('P038', 'BD1498', 1, 0),
('P038', 'BD1499', 1, 0),
('P038', 'BD1500', 1, 0),
('P038', 'BD1501', 1, 0),
('P038', 'BD1502', 1, 0),
('P038', 'BD1503', 1, 0),
('P038', 'BD1504', 1, 0),
('P038', 'BD1505', 1, 0),
('P038', 'BD1506', 1, 0),
('P038', 'BD1507', 1, 0),
('P038', 'BD1508', 1, 0),
('P038', 'BD1509', 1, 0),
('P038', 'BD1510', 1, 0),
('P038', 'BD1511', 1, 0),
('P038', 'BD1512', 1, 0),
('P038', 'BD1513', 1, 0),
('P038', 'BD1514', 1, 0),
('P038', 'BD1515', 1, 0),
('P038', 'BD1516', 1, 0),
('P038', 'BD1517', 1, 0),
('P038', 'BD1518', 1, 0),
('P038', 'BD1519', 1, 0),
('P038', 'BD1520', 1, 0),
('P039', 'BD1521', 0, 6000),
('P039', 'BD1522', 0, 6000),
('P039', 'BD1523', 0, 6000),
('P039', 'BD1524', 0, 6000),
('P039', 'BD1525', 0, 6000),
('P039', 'BD1526', 0, 6000),
('P039', 'BD1527', 0, 6000),
('P039', 'BD1528', 0, 6000),
('P039', 'BD1529', 0, 6000),
('P039', 'BD1530', 0, 6000),
('P039', 'BD1531', 0, 6000),
('P039', 'BD1532', 0, 6000),
('P039', 'BD1533', 0, 6000),
('P039', 'BD1534', 0, 6000),
('P039', 'BD1535', 0, 6000),
('P039', 'BD1536', 0, 6000),
('P039', 'BD1537', 0, 6000),
('P039', 'BD1538', 0, 6000),
('P039', 'BD1539', 0, 6000),
('P039', 'BD1540', 0, 6000),
('P039', 'BD1541', 0, 6000),
('P039', 'BD1542', 0, 6000),
('P039', 'BD1543', 0, 6000),
('P039', 'BD1544', 0, 6000),
('P039', 'BD1545', 0, 6000),
('P039', 'BD1546', 0, 6000),
('P039', 'BD1547', 0, 6000),
('P039', 'BD1548', 0, 6000),
('P039', 'BD1549', 0, 6000),
('P039', 'BD1550', 0, 6000),
('P039', 'BD1551', 0, 6000),
('P039', 'BD1552', 0, 6000),
('P039', 'BD1553', 0, 6000),
('P039', 'BD1554', 0, 6000),
('P039', 'BD1555', 0, 6000),
('P039', 'BD1556', 0, 6000),
('P039', 'BD1557', 0, 6000),
('P039', 'BD1558', 0, 6000),
('P039', 'BD1559', 0, 6000),
('P039', 'BD1560', 0, 6000),
('P040', 'BD1561', 1, 0),
('P040', 'BD1562', 1, 0),
('P040', 'BD1563', 1, 0),
('P040', 'BD1564', 1, 0),
('P040', 'BD1565', 1, 0),
('P040', 'BD1566', 1, 0),
('P040', 'BD1567', 1, 0),
('P040', 'BD1568', 1, 0),
('P040', 'BD1569', 1, 0),
('P040', 'BD1570', 1, 0),
('P040', 'BD1571', 1, 0),
('P040', 'BD1572', 1, 0),
('P040', 'BD1573', 1, 0),
('P040', 'BD1574', 1, 0),
('P040', 'BD1575', 1, 0),
('P040', 'BD1576', 1, 0),
('P040', 'BD1577', 1, 0),
('P040', 'BD1578', 1, 0),
('P040', 'BD1579', 1, 0),
('P040', 'BD1580', 1, 0),
('P040', 'BD1581', 1, 0),
('P040', 'BD1582', 1, 0),
('P040', 'BD1583', 1, 0),
('P040', 'BD1584', 1, 0),
('P040', 'BD1585', 1, 0),
('P040', 'BD1586', 1, 0),
('P040', 'BD1587', 1, 0),
('P040', 'BD1588', 1, 0),
('P040', 'BD1589', 1, 0),
('P040', 'BD1590', 1, 0),
('P040', 'BD1591', 1, 0),
('P040', 'BD1592', 1, 0),
('P040', 'BD1593', 1, 0),
('P040', 'BD1594', 1, 0),
('P040', 'BD1595', 1, 0),
('P040', 'BD1596', 1, 0),
('P040', 'BD1597', 1, 0),
('P040', 'BD1598', 1, 0),
('P040', 'BD1599', 1, 0),
('P040', 'BD1600', 1, 0);