create database QLTV;

    create table Reader(
        ID varchar(20) primary key,
        name varchar(100),
        gender enum('Nam', 'Nu'),
        birth date,
        address varchar(255),
        phone varchar(10),
        email varchar(255),
        registrationDate date, 
        exist enum('0', '1') not null,
        constraint chk_date check (registrationDate > birth)
    );

    create table Book(
        ID varchar(20) primary key,
        name varchar(255),
        author varchar(50),
        category varchar(50),
        quanlity int,
        price decimal(15,0), -- Changed to 15,0 for VND (no decimal places)
        loan_fee decimal(15,0), -- Changed to 15,0 for VND
        exist enum ('0', '1') not null
    );

    create table Book_Details(
        ID varchar(20) primary key,
        ID_Book varchar(20),
        supplier varchar(255),
        year int,
        page_num int,
        status varchar(50),
        num_page_dama int,
        foreign key (ID_Book) references Book(ID)
    );

create table Staff(
        ID varchar(20) primary key,
        name varchar(30) not null,
        gender enum ('Nam','Nu') not null,
        birth date not null,
        address varchar(255),
        phone varchar(10),
        email varchar(100),
        wage decimal(15,0), -- Changed to 15,0 for VND
        exist enum('0', '1') not null,
        check(wage >= 0)
    );

    create table Loan_slip(
        ID varchar(20) primary key,
        ID_Reader varchar(20),
        ID_Staff varchar(20),
        so_luong int,
        Borrow_Date date,
        Expected_Date date,
        loan_fee decimal(15,0), -- Changed to 15,0 for VND
        foreign key (ID_Reader) references Reader (ID),
        foreign key (ID_Staff) references Staff (ID)
    );

    create table Payment_slip(
        ID varchar(20) primary key,
        ID_Loan_slip varchar(20),
        ID_Staff varchar(20),
        so_luong int,
        payment_Date date,
        late_fee decimal(15,0), -- Changed to 15,0 for VND
        damage_fee decimal(15,0), -- Changed to 15,0 for VND
        foreign key (ID_Loan_slip) references Loan_slip (ID),
        foreign key (ID_Staff) references Staff(ID)
    );

    create table Borrowed_Book_Details(
        ID_Loan_slip varchar(20),
        ID_Book varchar(20),
        primary key (ID_Loan_slip, ID_Book),
        foreign key (ID_Loan_slip) references Loan_slip(ID),
        foreign key (ID_Book) references Book_Details (ID) -- Tham chiếu với mã chi tiết
    );

    create table Book_Details_Returned(
        ID_Payment_slip varchar(20),
        ID_Book varchar(20),
        status int,
        penalty_fee decimal(15,0), -- Changed to 15,0 for VND
        primary key(ID_Payment_slip, ID_Book),
        foreign key (ID_Payment_slip) references Payment_slip(ID),
        foreign key (ID_Book) references Book_Details(ID)
    );

-- Insert data for Reader
INSERT INTO Reader (ID, name, gender, birth, address, phone, email, registrationDate, exist)
VALUES
('R001', 'Nguyen Van A', 'Nam', '1990-01-01', 'Hanoi', '0123456789', 'a@gmail.com', '2023-01-01', '1'),
('R002', 'Tran Thi B', 'Nu', '1992-02-02', 'HCM', '0987654321', 'b@gmail.com', '2023-02-01', '1'),
('R003', 'Le Van C', 'Nam', '1985-03-03', 'Danang', '0912345678', 'c@gmail.com', '2023-03-01', '1'),
('R004', 'Pham Thi D', 'Nu', '1988-04-04', 'Hue', '0923456789', 'd@gmail.com', '2023-04-01', '1'),
('R005', 'Hoang Van E', 'Nam', '1995-05-05', 'Haiphong', '0934567890', 'e@gmail.com', '2023-05-01', '1'),
('R006', 'Nguyen Thi F', 'Nu', '1993-06-06', 'Cantho', '0945678901', 'f@gmail.com', '2023-06-01', '1'),
('R007', 'Tran Van G', 'Nam', '1991-07-07', 'Quangnam', '0956789012', 'g@gmail.com', '2023-07-01', '1'),
('R008', 'Pham Thi H', 'Nu', '1994-08-08', 'Ninhbinh', '0967890123', 'h@gmail.com', '2023-08-01', '1'),
('R009', 'Le Van I', 'Nam', '1987-09-09', 'Thanhhoa', '0978901234', 'i@gmail.com', '2023-09-01', '1'),
('R010', 'Nguyen Thi J', 'Nu', '1996-10-10', 'Vinh', '0989012345', 'j@gmail.com', '2023-10-01', '1'),
('R011', 'Tran Van K', 'Nam', '1990-11-11', 'Hanoi', '0990123456', 'k@gmail.com', '2023-11-01', '1'),
('R012', 'Pham Thi L', 'Nu', '1992-12-12', 'HCM', '0901234567', 'l@gmail.com', '2023-12-01', '1'),
('R013', 'Hoang Van M', 'Nam', '1985-01-13', 'Danang', '0912345678', 'm@gmail.com', '2023-01-02', '1'),
('R014', 'Nguyen Thi N', 'Nu', '1988-02-14', 'Hue', '0923456789', 'n@gmail.com', '2023-02-02', '1'),
('R015', 'Le Van O', 'Nam', '1995-03-15', 'Haiphong', '0934567890', 'o@gmail.com', '2023-03-02', '1'),
('R016', 'Tran Thi P', 'Nu', '1993-04-16', 'Cantho', '0945678901', 'p@gmail.com', '2023-04-02', '1'),
('R017', 'Pham Van Q', 'Nam', '1991-05-17', 'Quangnam', '0956789012', 'q@gmail.com', '2023-05-02', '1'),
('R018', 'Nguyen Thi R', 'Nu', '1994-06-18', 'Ninhbinh', '0967890123', 'r@gmail.com', '2023-06-02', '1'),
('R019', 'Hoang Van S', 'Nam', '1987-07-19', 'Thanhhoa', '0978901234', 's@gmail.com', '2023-07-02', '1'),
('R020', 'Le Thi T', 'Nu', '1996-08-20', 'Vinh', '0989012345', 't@gmail.com', '2023-08-02', '1'),
('R021', 'Tran Van U', 'Nam', '1990-09-21', 'Hanoi', '0990123456', 'u@gmail.com', '2023-09-02', '1'),
('R022', 'Pham Thi V', 'Nu', '1992-10-22', 'HCM', '0901234567', 'v@gmail.com', '2023-10-02', '1'),
('R023', 'Nguyen Van W', 'Nam', '1985-11-23', 'Danang', '0912345678', 'w@gmail.com', '2023-11-02', '1'),
('R024', 'Le Thi X', 'Nu', '1988-12-24', 'Hue', '0923456789', 'x@gmail.com', '2023-12-02', '1'),
('R025', 'Tran Van Y', 'Nam', '1995-01-25', 'Haiphong', '0934567890', 'y@gmail.com', '2023-01-03', '1'),
('R026', 'Pham Thi Z', 'Nu', '1993-02-26', 'Cantho', '0945678901', 'z@gmail.com', '2023-02-03', '1'),
('R027', 'Nguyen Van AA', 'Nam', '1991-03-27', 'Quangnam', '0956789012', 'aa@gmail.com', '2023-03-03', '1'),
('R028', 'Le Thi BB', 'Nu', '1994-04-28', 'Ninhbinh', '0967890123', 'bb@gmail.com', '2023-04-03', '1'),
('R029', 'Tran Van CC', 'Nam', '1987-05-29', 'Thanhhoa', '0978901234', 'cc@gmail.com', '2023-05-03', '1'),
('R030', 'Pham Thi DD', 'Nu', '1996-06-30', 'Vinh', '0989012345', 'dd@gmail.com', '2023-06-03', '1'),
('R031', 'Nguyen Van EE', 'Nam', '1990-07-31', 'Hanoi', '0990123456', 'ee@gmail.com', '2023-07-03', '1'),
('R032', 'Le Thi FF', 'Nu', '1992-08-01', 'HCM', '0901234567', 'ff@gmail.com', '2023-08-03', '1'),
('R033', 'Tran Van GG', 'Nam', '1985-09-02', 'Danang', '0912345678', 'gg@gmail.com', '2023-09-03', '1'),
('R034', 'Pham Thi HH', 'Nu', '1988-10-03', 'Hue', '0923456789', 'hh@gmail.com', '2023-10-03', '1'),
('R035', 'Nguyen Van II', 'Nam', '1995-11-04', 'Haiphong', '0934567890', 'ii@gmail.com', '2023-11-03', '1'),
('R036', 'Le Thi JJ', 'Nu', '1993-12-05', 'Cantho', '0945678901', 'jj@gmail.com', '2023-12-03', '1'),
('R037', 'Tran Van KK', 'Nam', '1991-01-06', 'Quangnam', '0956789012', 'kk@gmail.com', '2023-01-04', '1'),
('R038', 'Pham Thi LL', 'Nu', '1994-02-07', 'Ninhbinh', '0967890123', 'll@gmail.com', '2023-02-04', '1'),
('R039', 'Nguyen Van MM', 'Nam', '1987-03-08', 'Thanhhoa', '0978901234', 'mm@gmail.com', '2023-03-04', '1'),
('R040', 'Le Thi NN', 'Nu', '1996-04-09', 'Vinh', '0989012345', 'nn@gmail.com', '2023-04-04', '1');

-- Insert data for Book
INSERT INTO Book (ID, name, author, category, quanlity, price, loan_fee, exist)
VALUES
('B001', 'Book A', 'Author A', 'Fiction', 10, 100000, 5000, '1'), -- Updated to VND
('B002', 'Book B', 'Author B', 'Science', 5, 200000, 10000, '1'),
('B003', 'Book C', 'Author C', 'History', 8, 150000, 7000, '1'),
('B004', 'Book D', 'Author D', 'Technology', 12, 250000, 12000, '1'),
('B005', 'Book E', 'Author E', 'Fiction', 6, 180000, 8000, '1'),
('B006', 'Book F', 'Author F', 'Science', 9, 220000, 11000, '1'),
('B007', 'Book G', 'Author G', 'History', 7, 140000, 6000, '1'),
('B008', 'Book H', 'Author H', 'Technology', 15, 300000, 15000, '1'),
('B009', 'Book I', 'Author I', 'Fiction', 11, 170000, 9000, '1'),
('B010', 'Book J', 'Author J', 'Science', 4, 210000, 10000, '1'),
('B011', 'Book K', 'Author K', 'History', 10, 160000, 7500, '1'),
('B012', 'Book L', 'Author L', 'Technology', 13, 280000, 14000, '1'),
('B013', 'Book M', 'Author M', 'Fiction', 5, 190000, 8500, '1'),
('B014', 'Book N', 'Author N', 'Science', 8, 230000, 11500, '1'),
('B015', 'Book O', 'Author O', 'History', 9, 130000, 5500, '1'),
('B016', 'Book P', 'Author P', 'Technology', 14, 320000, 16000, '1'),
('B017', 'Book Q', 'Author Q', 'Fiction', 7, 200000, 9500, '1'),
('B018', 'Book R', 'Author R', 'Science', 6, 240000, 12000, '1'),
('B019', 'Book S', 'Author S', 'History', 12, 170000, 8000, '1'),
('B020', 'Book T', 'Author T', 'Technology', 10, 260000, 13000, '1'),
('B021', 'Book U', 'Author U', 'Fiction', 9, 210000, 10000, '1'),
('B022', 'Book V', 'Author V', 'Science', 11, 250000, 12500, '1'),
('B023', 'Book W', 'Author W', 'History', 8, 150000, 7000, '1'),
('B024', 'Book X', 'Author X', 'Technology', 16, 340000, 17000, '1'),
('B025', 'Book Y', 'Author Y', 'Fiction', 6, 180000, 8500, '1'),
('B026', 'Book Z', 'Author Z', 'Science', 7, 220000, 11000, '1'),
('B027', 'Book AA', 'Author AA', 'History', 10, 140000, 6000, '1'),
('B028', 'Book BB', 'Author BB', 'Technology', 18, 360000, 18000, '1'),
('B029', 'Book CC', 'Author CC', 'Fiction', 12, 200000, 9500, '1'),
('B030', 'Book DD', 'Author DD', 'Science', 5, 230000, 11500, '1'),
('B031', 'Book EE', 'Author EE', 'History', 9, 130000, 5500, '1'),
('B032', 'Book FF', 'Author FF', 'Technology', 14, 310000, 15500, '1'),
('B033', 'Book GG', 'Author GG', 'Fiction', 8, 190000, 9000, '1'),
('B034', 'Book HH', 'Author HH', 'Science', 6, 240000, 12000, '1'),
('B035', 'Book II', 'Author II', 'History', 11, 170000, 8000, '1'),
('B036', 'Book JJ', 'Author JJ', 'Technology', 13, 270000, 13500, '1'),
('B037', 'Book KK', 'Author KK', 'Fiction', 7, 210000, 10000, '1'),
('B038', 'Book LL', 'Author LL', 'Science', 10, 250000, 12500, '1'),
('B039', 'Book MM', 'Author MM', 'History', 9, 150000, 7000, '1'),
('B040', 'Book NN', 'Author NN', 'Technology', 15, 330000, 16500, '1');

-- Insert data for Book_Details
INSERT INTO Book_Details (ID, ID_Book, supplier, year, page_num, status, num_page_dama)
VALUES
('BD001', 'B001', 'Supplier A', 2020, 300, 'Đã Hỏng', 0),
('BD002', 'B002', 'Supplier B', 2021, 400, 'Đang được mượn', 10),
('BD003', 'B003', 'Supplier C', 2019, 350, 'Tốt', 0),
('BD004', 'B004', 'Supplier D', 2022, 450, 'Đang được mượn', 5),
('BD005', 'B005', 'Supplier E', 2020, 320, 'Tốt', 0),
('BD006', 'B006', 'Supplier F', 2021, 380, 'Đã Hỏng', 15),
('BD007', 'B007', 'Supplier G', 2018, 290, 'Tốt', 0),
('BD008', 'B008', 'Supplier H', 2022, 500, 'Đang được mượn', 8),
('BD009', 'B009', 'Supplier I', 2020, 310, 'Tốt', 0),
('BD010', 'B010', 'Supplier J', 2021, 420, 'Đã Hỏng', 20),
('BD011', 'B011', 'Supplier K', 2019, 340, 'Tốt', 0),
('BD012', 'B012', 'Supplier L', 2022, 460, 'Đang được mượn', 12),
('BD013', 'B013', 'Supplier M', 2020, 330, 'Tốt', 0),
('BD014', 'B014', 'Supplier N', 2021, 390, 'Đã Hỏng', 18),
('BD015', 'B015', 'Supplier O', 2018, 280, 'Tốt', 0),
('BD016', 'B016', 'Supplier P', 2022, 510, 'Đang được mượn', 6),
('BD017', 'B017', 'Supplier Q', 2020, 300, 'Tốt', 0),
('BD018', 'B018', 'Supplier R', 2021, 400, 'Đã Hỏng', 25),
('BD019', 'B019', 'Supplier S', 2019, 350, 'Tốt', 0),
('BD020', 'B020', 'Supplier T', 2022, 450, 'Đang được mượn', 10),
('BD021', 'B021', 'Supplier U', 2020, 320, 'Tốt', 0),
('BD022', 'B022', 'Supplier V', 2021, 380, 'Đã Hỏng', 30),
('BD023', 'B023', 'Supplier W', 2018, 290, 'Tốt', 0),
('BD024', 'B024', 'Supplier X', 2022, 500, 'Đang được mượn', 7),
('BD025', 'B025', 'Supplier Y', 2020, 310, 'Tốt', 0),
('BD026', 'B026', 'Supplier Z', 2021, 420, 'Đã Hỏng', 22),
('BD027', 'B027', 'Supplier AA', 2019, 340, 'Tốt', 0),
('BD028', 'B028', 'Supplier BB', 2022, 460, 'Đang được mượn', 15),
('BD029', 'B029', 'Supplier CC', 2020, 330, 'Tốt', 0),
('BD030', 'B030', 'Supplier DD', 2021, 390, 'Đã Hỏng', 12),
('BD031', 'B031', 'Supplier EE', 2018, 280, 'Tốt', 0),
('BD032', 'B032', 'Supplier FF', 2022, 510, 'Đang được mượn', 9),
('BD033', 'B033', 'Supplier GG', 2020, 300, 'Tốt', 0),
('BD034', 'B034', 'Supplier HH', 2021, 400, 'Đã Hỏng', 28),
('BD035', 'B035', 'Supplier II', 2019, 350, 'Tốt', 0),
('BD036', 'B036', 'Supplier JJ', 2022, 450, 'Đang được mượn', 11),
('BD037', 'B037', 'Supplier KK', 2020, 320, 'Tốt', 0),
('BD038', 'B038', 'Supplier LL', 2021, 380, 'Đã Hỏng', 35),
('BD039', 'B039', 'Supplier MM', 2018, 290, 'Tốt', 0),
('BD040', 'B040', 'Supplier NN', 2022, 500, 'Đang được mượn', 14);

-- Insert data for Staff
INSERT INTO Staff (ID, name, gender, birth, address, phone, email, wage, exist)
VALUES
('S001', 'Le Van C', 'Nam', '1985-03-03', 'Danang', '0912345678', 'c@gmail.com', 5000000, '1'), -- Updated to VND
('S002', 'Pham Thi D', 'Nu', '1988-04-04', 'Hue', '0923456789', 'd@gmail.com', 6000000, '1'),
('S003', 'Nguyen Van A', 'Nam', '1990-01-01', 'Hanoi', '0123456789', 'a@gmail.com', 5500000, '1'),
('S004', 'Tran Thi B', 'Nu', '1992-02-02', 'HCM', '0987654321', 'b@gmail.com', 6200000, '1'),
('S005', 'Hoang Van E', 'Nam', '1995-05-05', 'Haiphong', '0934567890', 'e@gmail.com', 5800000, '1'),
('S006', 'Nguyen Thi F', 'Nu', '1993-06-06', 'Cantho', '0945678901', 'f@gmail.com', 6100000, '1'),
('S007', 'Tran Van G', 'Nam', '1991-07-07', 'Quangnam', '0956789012', 'g@gmail.com', 5400000, '1'),
('S008', 'Pham Thi H', 'Nu', '1994-08-08', 'Ninhbinh', '0967890123', 'h@gmail.com', 6300000, '1'),
('S009', 'Le Van I', 'Nam', '1987-09-09', 'Thanhhoa', '0978901234', 'i@gmail.com', 5200000, '1'),
('S010', 'Nguyen Thi J', 'Nu', '1996-10-10', 'Vinh', '0989012345', 'j@gmail.com', 6400000, '1'),
('S011', 'Tran Van K', 'Nam', '1990-11-11', 'Hanoi', '0990123456', 'k@gmail.com', 5700000, '1'),
('S012', 'Pham Thi L', 'Nu', '1992-12-12', 'HCM', '0901234567', 'l@gmail.com', 6000000, '1'),
('S013', 'Hoang Van M', 'Nam', '1985-01-13', 'Danang', '0912345678', 'm@gmail.com', 5300000, '1'),
('S014', 'Nguyen Thi N', 'Nu', '1988-02-14', 'Hue', '0923456789', 'n@gmail.com', 6200000, '1'),
('S015', 'Le Van O', 'Nam', '1995-03-15', 'Haiphong', '0934567890', 'o@gmail.com', 5600000, '1'),
('S016', 'Tran Thi P', 'Nu', '1993-04-16', 'Cantho', '0945678901', 'p@gmail.com', 6100000, '1'),
('S017', 'Pham Van Q', 'Nam', '1991-05-17', 'Quangnam', '0956789012', 'q@gmail.com', 5400000, '1'),
('S018', 'Nguyen Thi R', 'Nu', '1994-06-18', 'Ninhbinh', '0967890123', 'r@gmail.com', 6300000, '1'),
('S019', 'Hoang Van S', 'Nam', '1987-07-19', 'Thanhhoa', '0978901234', 's@gmail.com', 5200000, '1'),
('S020', 'Le Thi T', 'Nu', '1996-08-20', 'Vinh', '0989012345', 't@gmail.com', 6400000, '1'),
('S021', 'Tran Van U', 'Nam', '1990-09-21', 'Hanoi', '0990123456', 'u@gmail.com', 5700000, '1'),
('S022', 'Pham Thi V', 'Nu', '1992-10-22', 'HCM', '0901234567', 'v@gmail.com', 6000000, '1'),
('S023', 'Nguyen Van W', 'Nam', '1985-11-23', 'Danang', '0912345678', 'w@gmail.com', 5300000, '1'),
('S024', 'Le Thi X', 'Nu', '1988-12-24', 'Hue', '0923456789', 'x@gmail.com', 6200000, '1'),
('S025', 'Tran Van Y', 'Nam', '1995-01-25', 'Haiphong', '0934567890', 'y@gmail.com', 5600000, '1'),
('S026', 'Pham Thi Z', 'Nu', '1993-02-26', 'Cantho', '0945678901', 'z@gmail.com', 6100000, '1'),
('S027', 'Nguyen Van AA', 'Nam', '1991-03-27', 'Quangnam', '0956789012', 'aa@gmail.com', 5400000, '1'),
('S028', 'Le Thi BB', 'Nu', '1994-04-28', 'Ninhbinh', '0967890123', 'bb@gmail.com', 6300000, '1'),
('S029', 'Tran Van CC', 'Nam', '1987-05-29', 'Thanhhoa', '0978901234', 'cc@gmail.com', 5200000, '1'),
('S030', 'Pham Thi DD', 'Nu', '1996-06-30', 'Vinh', '0989012345', 'dd@gmail.com', 6400000, '1'),
('S031', 'Nguyen Van EE', 'Nam', '1990-07-31', 'Hanoi', '0990123456', 'ee@gmail.com', 5700000, '1'),
('S032', 'Le Thi FF', 'Nu', '1992-08-01', 'HCM', '0901234567', 'ff@gmail.com', 6000000, '1'),
('S033', 'Tran Van GG', 'Nam', '1985-09-02', 'Danang', '0912345678', 'gg@gmail.com', 5300000, '1'),
('S034', 'Pham Thi HH', 'Nu', '1988-10-03', 'Hue', '0923456789', 'hh@gmail.com', 6200000, '1'),
('S035', 'Nguyen Van II', 'Nam', '1995-11-04', 'Haiphong', '0934567890', 'ii@gmail.com', 5600000, '1'),
('S036', 'Le Thi JJ', 'Nu', '1993-12-05', 'Cantho', '0945678901', 'jj@gmail.com', 6100000, '1'),
('S037', 'Tran Van KK', 'Nam', '1991-01-06', 'Quangnam', '0956789012', 'kk@gmail.com', 5400000, '1'),
('S038', 'Pham Thi LL', 'Nu', '1994-02-07', 'Ninhbinh', '0967890123', 'll@gmail.com', 6300000, '1'),
('S039', 'Nguyen Van MM', 'Nam', '1987-03-08', 'Thanhhoa', '0978901234', 'mm@gmail.com', 5200000, '1'),
('S040', 'Le Thi NN', 'Nu', '1996-04-09', 'Vinh', '0989012345', 'nn@gmail.com', 6400000, '1');

-- Insert data for Loan_slip
INSERT INTO Loan_slip (ID, ID_Reader, ID_Staff, so_luong, Borrow_Date, Expected_Date, loan_fee)
VALUES
('L001', 'R001', 'S001', 2, '2023-03-01', '2023-03-15', 10000), -- Updated to VND
('L002', 'R002', 'S002', 1, '2023-03-02', '2023-03-16', 5000),
('L003', 'R003', 'S003', 3, '2023-03-03', '2023-03-17', 15000),
('L004', 'R004', 'S004', 2, '2023-03-04', '2023-03-18', 10000),
('L005', 'R005', 'S005', 1, '2023-03-05', '2023-03-19', 5000),
('L006', 'R006', 'S006', 4, '2023-03-06', '2023-03-20', 20000),
('L007', 'R007', 'S007', 2, '2023-03-07', '2023-03-21', 10000),
('L008', 'R008', 'S008', 1, '2023-03-08', '2023-03-22', 5000),
('L009', 'R009', 'S009', 3, '2023-03-09', '2023-03-23', 15000),
('L010', 'R010', 'S010', 2, '2023-03-10', '2023-03-24', 10000),
('L011', 'R011', 'S011', 1, '2023-03-11', '2023-03-25', 5000),
('L012', 'R012', 'S012', 4, '2023-03-12', '2023-03-26', 20000),
('L013', 'R013', 'S013', 2, '2023-03-13', '2023-03-27', 10000),
('L014', 'R014', 'S014', 1, '2023-03-14', '2023-03-28', 5000),
('L015', 'R015', 'S015', 3, '2023-03-15', '2023-03-29', 15000),
('L016', 'R016', 'S016', 2, '2023-03-16', '2023-03-30', 10000),
('L017', 'R017', 'S017', 1, '2023-03-17', '2023-03-31', 5000),
('L018', 'R018', 'S018', 4, '2023-03-18', '2023-04-01', 20000),
('L019', 'R019', 'S019', 2, '2023-03-19', '2023-04-02', 10000),
('L020', 'R020', 'S020', 1, '2023-03-20', '2023-04-03', 5000),
('L021', 'R021', 'S021', 3, '2023-03-21', '2023-04-04', 15000),
('L022', 'R022', 'S022', 2, '2023-03-22', '2023-04-05', 10000),
('L023', 'R023', 'S023', 1, '2023-03-23', '2023-04-06', 5000),
('L024', 'R024', 'S024', 4, '2023-03-24', '2023-04-07', 20000),
('L025', 'R025', 'S025', 2, '2023-03-25', '2023-04-08', 10000),
('L026', 'R026', 'S026', 1, '2023-03-26', '2023-04-09', 5000),
('L027', 'R027', 'S027', 3, '2023-03-27', '2023-04-10', 15000),
('L028', 'R028', 'S028', 2, '2023-03-28', '2023-04-11', 10000),
('L029', 'R029', 'S029', 1, '2023-03-29', '2023-04-12', 5000),
('L030', 'R030', 'S030', 4, '2023-03-30', '2023-04-13', 20000),
('L031', 'R031', 'S031', 2, '2023-03-31', '2023-04-14', 10000),
('L032', 'R032', 'S032', 1, '2023-04-01', '2023-04-15', 5000),
('L033', 'R033', 'S033', 3, '2023-04-02', '2023-04-16', 15000),
('L034', 'R034', 'S034', 2, '2023-04-03', '2023-04-17', 10000),
('L035', 'R035', 'S035', 1, '2023-04-04', '2023-04-18', 5000),
('L036', 'R036', 'S036', 4, '2023-04-05', '2023-04-19', 20000),
('L037', 'R037', 'S037', 2, '2023-04-06', '2023-04-20', 10000),
('L038', 'R038', 'S038', 1, '2023-04-07', '2023-04-21', 5000),
('L039', 'R039', 'S039', 3, '2023-04-08', '2023-04-22', 15000),
('L040', 'R040', 'S040', 2, '2023-04-09', '2023-04-23', 10000);

-- Insert data for Payment_slip
INSERT INTO Payment_slip (ID, ID_Loan_slip, ID_Staff, so_luong, payment_Date, late_fee, damage_fee)
VALUES
('P001', 'L001', 'S001', 2, '2023-03-20', 0, 0), -- Updated to VND
('P002', 'L002', 'S002', 1, '2023-03-21', 5000, 10000),
('P003', 'L003', 'S003', 3, '2023-03-22', 0, 0),
('P004', 'L004', 'S004', 2, '2023-03-23', 10000, 5000),
('P005', 'L005', 'S005', 1, '2023-03-24', 0, 0),
('P006', 'L006', 'S006', 4, '2023-03-25', 15000, 20000),
('P007', 'L007', 'S007', 2, '2023-03-26', 0, 0),
('P008', 'L008', 'S008', 1, '2023-03-27', 5000, 0),
('P009', 'L009', 'S009', 3, '2023-03-28', 0, 10000),
('P010', 'L010', 'S010', 2, '2023-03-29', 0, 0),
('P011', 'L011', 'S011', 1, '2023-03-30', 5000, 5000),
('P012', 'L012', 'S012', 4, '2023-03-31', 0, 0),
('P013', 'L013', 'S013', 2, '2023-04-01', 10000, 0),
('P014', 'L014', 'S014', 1, '2023-04-02', 0, 0),
('P015', 'L015', 'S015', 3, '2023-04-03', 5000, 15000),
('P016', 'L016', 'S016', 2, '2023-04-04', 0, 0),
('P017', 'L017', 'S017', 1, '2023-04-05', 0, 5000),
('P018', 'L018', 'S018', 4, '2023-04-06', 20000, 10000),
('P019', 'L019', 'S019', 2, '2023-04-07', 0, 0),
('P020', 'L020', 'S020', 1, '2023-04-08', 5000, 0),
('P021', 'L021', 'S021', 3, '2023-04-09', 0, 15000),
('P022', 'L022', 'S022', 2, '2023-04-10', 0, 0),
('P023', 'L023', 'S023', 1, '2023-04-11', 5000, 5000),
('P024', 'L024', 'S024', 4, '2023-04-12', 0, 0),
('P025', 'L025', 'S025', 2, '2023-04-13', 10000, 0),
('P026', 'L026', 'S026', 1, '2023-04-14', 0, 0),
('P027', 'L027', 'S027', 3, '2023-04-15', 5000, 10000),
('P028', 'L028', 'S028', 2, '2023-04-16', 0, 0),
('P029', 'L029', 'S029', 1, '2023-04-17', 0, 5000),
('P030', 'L030', 'S030', 4, '2023-04-18', 20000, 20000),
('P031', 'L031', 'S031', 2, '2023-04-19', 0, 0),
('P032', 'L032', 'S032', 1, '2023-04-20', 5000, 0),
('P033', 'L033', 'S033', 3, '2023-04-21', 0, 15000),
('P034', 'L034', 'S034', 2, '2023-04-22', 0, 0),
('P035', 'L035', 'S035', 1, '2023-04-23', 5000, 5000),
('P036', 'L036', 'S036', 4, '2023-04-24', 0, 0),
('P037', 'L037', 'S037', 2, '2023-04-25', 10000, 0),
('P038', 'L038', 'S038', 1, '2023-04-26', 0, 0),
('P039', 'L039', 'S039', 3, '2023-04-27', 5000, 10000),
('P040', 'L040', 'S040', 2, '2023-04-28', 0, 0);

-- Insert data for Borrowed_Book_Details
INSERT INTO Borrowed_Book_Details (ID_Loan_slip, ID_Book)
VALUES
('L001', 'BD001'),
('L002', 'BD002'),
('L003', 'BD003'),
('L004', 'BD004'),
('L005', 'BD005'),
('L006', 'BD006'),
('L007', 'BD007'),
('L008', 'BD008'),
('L009', 'BD009'),
('L010', 'BD010'),
('L011', 'BD011'),
('L012', 'BD012'),
('L013', 'BD013'),
('L014', 'BD014'),
('L015', 'BD015'),
('L016', 'BD016'),
('L017', 'BD017'),
('L018', 'BD018'),
('L019', 'BD019'),
('L020', 'BD020'),
('L021', 'BD021'),
('L022', 'BD022'),
('L023', 'BD023'),
('L024', 'BD024'),
('L025', 'BD025'),
('L026', 'BD026'),
('L027', 'BD027'),
('L028', 'BD028'),
('L029', 'BD029'),
('L030', 'BD030'),
('L031', 'BD031'),
('L032', 'BD032'),
('L033', 'BD033'),
('L034', 'BD034'),
('L035', 'BD035'),
('L036', 'BD036'),
('L037', 'BD037'),
('L038', 'BD038'),
('L039', 'BD039'),
('L040', 'BD040');

-- Insert data for Book_Details_Returned
INSERT INTO Book_Details_Returned (ID_Payment_slip, ID_Book, status, penalty_fee)
VALUES
('P001', 'BD001', 1, 0),
('P002', 'BD002', 0, 10000),
('P003', 'BD003', 1, 0),
('P004', 'BD004', 1, 0),
('P005', 'BD005', 0, 5000),
('P006', 'BD006', 1, 0),
('P007', 'BD007', 0, 20000),
('P008', 'BD008', 1, 0),
('P009', 'BD009', 1, 0),
('P010', 'BD010', 0, 15000),
('P011', 'BD011', 1, 0),
('P012', 'BD012', 0, 30000),
('P013', 'BD013', 1, 0),
('P014', 'BD014', 0, 10000),
('P015', 'BD015', 1, 0),
('P016', 'BD016', 0, 7000),
('P017', 'BD017', 1, 0),
('P018', 'BD018', 1, 0),
('P019', 'BD019', 0, 25000),
('P020', 'BD020', 1, 0),
('P021', 'BD021', 1, 0),
('P022', 'BD022', 0, 9000),
('P023', 'BD023', 1, 0),
('P024', 'BD024', 1, 0),
('P025', 'BD025', 0, 12000),
('P026', 'BD026', 1, 0),
('P027', 'BD027', 1, 0),
('P028', 'BD028', 0, 11000),
('P029', 'BD029', 1, 0),
('P030', 'BD030', 1, 0),
('P031', 'BD031', 0, 8000),
('P032', 'BD032', 1, 0),
('P033', 'BD033', 1, 0),
('P034', 'BD034', 0, 20000),
('P035', 'BD035', 1, 0),
('P036', 'BD036', 0, 9500),
('P037', 'BD037', 1, 0),
('P038', 'BD038', 1, 0),
('P039', 'BD039', 0, 6000),
('P040', 'BD040', 1, 0);
